$date
	Sat Jul 25 12:08:27 2026
$end
$version
	Icarus Verilog
$end
$timescale
	1s
$end
$scope module cordic_top_test $end
$var wire 16 ! z [15:0] $end
$var wire 16 " y [15:0] $end
$var wire 16 # x [15:0] $end
$var wire 1 $ done $end
$var parameter 32 % ITERATION $end
$var parameter 32 & WIDTH $end
$var reg 1 ' clk $end
$var reg 1 ( mode $end
$var reg 1 ) reset $end
$var reg 1 * start $end
$var reg 16 + xin [15:0] $end
$var reg 16 , yin [15:0] $end
$var reg 16 - zin [15:0] $end
$scope module uut $end
$var wire 1 ' clk $end
$var wire 1 ( mode $end
$var wire 1 ) reset $end
$var wire 1 * start $end
$var wire 16 . xin [15:0] $end
$var wire 16 / yin [15:0] $end
$var wire 16 0 zin [15:0] $end
$var wire 16 1 z [15:0] $end
$var wire 16 2 y [15:0] $end
$var wire 16 3 x [15:0] $end
$var wire 1 4 load_init $end
$var wire 1 5 load $end
$var wire 3 6 iter [2:0] $end
$var wire 1 7 gain_en $end
$var wire 1 $ done $end
$var wire 1 8 dir $end
$var wire 16 9 angle [15:0] $end
$var parameter 32 : ITERATION $end
$var parameter 32 ; WIDTH $end
$scope module ATR $end
$var wire 3 < addr [2:0] $end
$var parameter 32 = ADDR_WIDTH $end
$var parameter 32 > WIDTH $end
$var reg 16 ? angle [15:0] $end
$upscope $end
$scope module DP $end
$var wire 16 @ angle [15:0] $end
$var wire 1 ' clk $end
$var wire 1 8 dir $end
$var wire 1 ( mode $end
$var wire 1 ) reset $end
$var wire 16 A xin [15:0] $end
$var wire 16 B yin [15:0] $end
$var wire 16 C zin [15:0] $end
$var wire 16 D z_next [15:0] $end
$var wire 16 E z_d [15:0] $end
$var wire 1 F z_as $end
$var wire 16 G z [15:0] $end
$var wire 16 H y_shift [15:0] $end
$var wire 16 I y_next [15:0] $end
$var wire 16 J y_gain [15:0] $end
$var wire 16 K y_d [15:0] $end
$var wire 1 L y_as $end
$var wire 16 M y [15:0] $end
$var wire 16 N x_shift [15:0] $end
$var wire 16 O x_next [15:0] $end
$var wire 16 P x_gain [15:0] $end
$var wire 16 Q x_d [15:0] $end
$var wire 1 R x_as $end
$var wire 16 S x [15:0] $end
$var wire 1 4 load_init $end
$var wire 1 5 load $end
$var wire 3 T iter [2:0] $end
$var wire 1 7 gain_en $end
$var parameter 32 U ITERATION $end
$var parameter 32 V WIDTH $end
$scope module X_addsub $end
$var wire 16 W B [15:0] $end
$var wire 1 R sub $end
$var wire 16 X result [15:0] $end
$var wire 16 Y A [15:0] $end
$var parameter 32 Z WIDTH $end
$upscope $end
$scope module X_reg $end
$var wire 1 ' clk $end
$var wire 16 [ d [15:0] $end
$var wire 1 ) reset $end
$var wire 1 5 load $end
$var parameter 32 \ WIDTH $end
$var reg 16 ] q [15:0] $end
$upscope $end
$scope module Y_addsub $end
$var wire 16 ^ B [15:0] $end
$var wire 1 L sub $end
$var wire 16 _ result [15:0] $end
$var wire 16 ` A [15:0] $end
$var parameter 32 a WIDTH $end
$upscope $end
$scope module Y_reg $end
$var wire 1 ' clk $end
$var wire 16 b d [15:0] $end
$var wire 1 ) reset $end
$var wire 1 5 load $end
$var parameter 32 c WIDTH $end
$var reg 16 d q [15:0] $end
$upscope $end
$scope module Z_addsub $end
$var wire 16 e B [15:0] $end
$var wire 1 F sub $end
$var wire 16 f result [15:0] $end
$var wire 16 g A [15:0] $end
$var parameter 32 h WIDTH $end
$upscope $end
$scope module Z_reg $end
$var wire 1 ' clk $end
$var wire 16 i d [15:0] $end
$var wire 1 ) reset $end
$var wire 1 5 load $end
$var parameter 32 j WIDTH $end
$var reg 16 k q [15:0] $end
$upscope $end
$scope module gain $end
$var wire 16 l x [15:0] $end
$var wire 16 m y [15:0] $end
$var wire 32 n y_multi [31:0] $end
$var wire 16 o y_gain [15:0] $end
$var wire 32 p x_multi [31:0] $end
$var wire 16 q x_gain [15:0] $end
$var parameter 16 r K_inverse $end
$var parameter 32 s WIDTH $end
$upscope $end
$upscope $end
$scope module FSM $end
$var wire 1 ' clk $end
$var wire 1 ) reset $end
$var wire 1 * start $end
$var parameter 3 t DONE $end
$var parameter 3 u GAIN $end
$var parameter 3 v IDLE $end
$var parameter 3 w ITERATE $end
$var parameter 32 x ITERATION $end
$var parameter 3 y LOAD $end
$var reg 1 $ done $end
$var reg 1 7 gain_en $end
$var reg 3 z iter [2:0] $end
$var reg 1 5 load $end
$var reg 1 4 load_init $end
$var reg 3 { next_state [2:0] $end
$var reg 3 | state [2:0] $end
$upscope $end
$upscope $end
$scope task check_rotation $end
$var reg 16 } e_xo [15:0] $end
$var reg 16 ~ e_yo [15:0] $end
$var reg 16 !" e_zo [15:0] $end
$var reg 16 "" x_in [15:0] $end
$var reg 16 #" y_in [15:0] $end
$var reg 16 $" z_in [15:0] $end
$upscope $end
$scope task check_vectoring $end
$var reg 16 %" e_angle [15:0] $end
$var reg 16 &" e_mag [15:0] $end
$var reg 16 '" x_in [15:0] $end
$var reg 16 (" y_in [15:0] $end
$upscope $end
$upscope $end
$enddefinitions $end
$comment Show the parameter values. $end
$dumpall
b1 y
b1000 x
b10 w
b0 v
b11 u
b100 t
b10000 s
b1001101101111 r
b10000 j
b10000 h
b10000 c
b10000 a
b10000 \
b10000 Z
b10000 V
b1000 U
b10000 >
b11 =
b10000 ;
b1000 :
b10000 &
b1000 %
$end
#0
$dumpvars
bx ("
bx '"
bx &"
bx %"
bx $"
bx #"
bx ""
bx !"
bx ~
bx }
bx |
b0 {
bx z
bx q
bx p
bx o
bx n
bx m
bx l
bx k
bx i
bx g
bx f
bx e
bx d
bx b
bx `
bx _
bx ^
bx ]
bx [
bx Y
bx X
bx W
bx T
bx S
xR
bx Q
bx P
bx O
bx N
bx M
xL
bx K
bx J
bx I
bx H
bx G
xF
bx E
bx D
b0 C
b0 B
b0 A
bx @
bx ?
bx <
bx 9
x8
x7
bx 6
x5
x4
bx 3
bx 2
bx 1
b0 0
b0 /
b0 .
b0 -
b0 ,
b0 +
0*
1)
x(
0'
x$
bx #
bx "
bx !
$end
#5
bx10 E
bx10 i
b0 K
b0 b
b0 Q
b0 [
bx10 D
bx10 f
b0 P
b0 q
b0 J
b0 o
08
0$
07
04
05
b0 O
b0 X
b0 I
b0 _
b1100100100010 9
b1100100100010 ?
b1100100100010 @
b1100100100010 e
b0 |
b0 H
b0 W
b0 N
b0 ^
b0 6
b0 <
b0 T
b0 z
b0 p
b0 #
b0 3
b0 S
b0 Y
b0 ]
b0 l
b0 n
b0 "
b0 2
b0 M
b0 `
b0 d
b0 m
b0 !
b0 1
b0 G
b0 g
b0 k
1'
#10
0'
0)
#15
1'
#20
b1110011011011110 E
b1110011011011110 i
b1110011011011110 D
b1110011011011110 f
1R
0L
1F
0'
b10000000000000 +
b10000000000000 .
b10000000000000 A
0(
b0 !"
b0 ~
b10000000000000 }
b0 $"
b0 #"
b10000000000000 ""
#25
b1 {
1*
1'
#30
0'
#35
b0 E
b0 i
b10000000000000 Q
b10000000000000 [
14
15
b1 |
b10 {
0*
1'
#40
0'
#45
b1110011011011110 E
b1110011011011110 i
b10000000000000 K
b10000000000000 b
b1001101101111 P
b1001101101111 q
04
15
b10000000000000 O
b10000000000000 X
b10000000000000 I
b10000000000000 _
b10 |
b10011011011110000000000000 p
b10000000000000 N
b10000000000000 ^
b10000000000000 #
b10000000000000 3
b10000000000000 S
b10000000000000 Y
b10000000000000 ]
b10000000000000 l
1'
#50
0'
#55
0R
0F
1L
b11000000000000 Q
b11000000000000 [
b1000000000000 K
b1000000000000 b
b1111010110110100 E
b1111010110110100 i
18
b1001101101111 J
b1001101101111 o
b1111010110110100 D
b1111010110110100 f
b11000000000000 O
b11000000000000 X
b1000000000000 I
b1000000000000 _
b111011010110 9
b111011010110 ?
b111011010110 @
b111011010110 e
b1110011011011110 !
b1110011011011110 1
b1110011011011110 G
b1110011011011110 g
b1110011011011110 k
b10011011011110000000000000 n
b1000000000000 H
b1000000000000 W
b10000000000000 "
b10000000000000 2
b10000000000000 M
b10000000000000 `
b10000000000000 d
b10000000000000 m
b1000000000000 N
b1000000000000 ^
b1 6
b1 <
b1 T
b1 z
1'
#60
0'
#65
b10000000000 K
b10000000000 b
b11010000000000 Q
b11010000000000 [
b1110100100110 P
b1110100100110 q
b100110110111 J
b100110110111 o
b1111110110001011 E
b1111110110001011 i
b11111010111 9
b11111010111 ?
b11111010111 @
b11111010111 e
b10000000000 I
b10000000000 _
b11010000000000 O
b11010000000000 X
b1111110110001011 D
b1111110110001011 f
b10 6
b10 <
b10 T
b10 z
b11101001001101000000000000 p
b110000000000 N
b110000000000 ^
b11000000000000 #
b11000000000000 3
b11000000000000 S
b11000000000000 Y
b11000000000000 ]
b11000000000000 l
b1001101101111000000000000 n
b10000000000 H
b10000000000 W
b1000000000000 "
b1000000000000 2
b1000000000000 M
b1000000000000 `
b1000000000000 d
b1000000000000 m
b1111010110110100 !
b1111010110110100 1
b1111010110110100 G
b1111010110110100 g
b1111010110110100 k
1'
#70
0'
#75
b11010010000000 Q
b11010010000000 [
b1111110110000000 K
b1111110110000000 b
b110000110 E
b110000110 i
b1001101101 J
b1001101101 o
b1111110010100 P
b1111110010100 q
b110000110 D
b110000110 f
b11010010000000 O
b11010010000000 X
b1111110110000000 I
b1111110110000000 _
b1111111011 9
b1111111011 ?
b1111111011 @
b1111111011 e
b1111110110001011 !
b1111110110001011 1
b1111110110001011 G
b1111110110001011 g
b1111110110001011 k
b10011011011110000000000 n
b10000000000 "
b10000000000 2
b10000000000 M
b10000000000 `
b10000000000 d
b10000000000 m
b11111100101000110000000000 p
b11010000000000 #
b11010000000000 3
b11010000000000 S
b11010000000000 Y
b11010000000000 ]
b11010000000000 l
b10000000 H
b10000000 W
b11010000000 N
b11010000000 ^
b11 6
b11 <
b11 T
b11 z
1'
#80
0'
#85
1R
1F
b11001000 K
b11001000 b
b11010010101000 Q
b11010010101000 [
0L
b1111111100010 P
b1111111100010 q
b1111111001111011 J
b1111111001111011 o
b1111111110000111 E
b1111111110000111 i
08
b111111111 9
b111111111 ?
b111111111 @
b111111111 e
b11001000 I
b11001000 _
b11010010101000 O
b11010010101000 X
b1111111110000111 D
b1111111110000111 f
b100 6
b100 <
b100 T
b100 z
b11111111000100001110000000 p
b1101001000 N
b1101001000 ^
b11010010000000 #
b11010010000000 3
b11010010000000 S
b11010010000000 Y
b11010010000000 ]
b11010010000000 l
b11111111110011110110101010000000 n
b1111111111011000 H
b1111111111011000 W
b1111110110000000 "
b1111110110000000 2
b1111110110000000 M
b1111110110000000 `
b1111110110000000 d
b1111110110000000 m
b110000110 !
b110000110 1
b110000110 G
b110000110 g
b110000110 k
1'
#90
0'
#95
0R
0F
1L
b11010010101110 Q
b11010010101110 [
b1111111100100011 K
b1111111100100011 b
b10000111 E
b10000111 i
18
b1111001 J
b1111001 o
b1111111111010 P
b1111111111010 q
b10000111 D
b10000111 f
b11010010101110 O
b11010010101110 X
b1111111100100011 I
b1111111100100011 _
b100000000 9
b100000000 ?
b100000000 @
b100000000 e
b1111111110000111 !
b1111111110000111 1
b1111111110000111 G
b1111111110000111 g
b1111111110000111 k
b11110010111010111000 n
b11001000 "
b11001000 2
b11001000 M
b11001000 `
b11001000 d
b11001000 m
b11111111110100110011011000 p
b11010010101000 #
b11010010101000 3
b11010010101000 S
b11010010101000 Y
b11010010101000 ]
b11010010101000 l
b110 H
b110 W
b110100101 N
b110100101 ^
b101 6
b101 <
b101 T
b101 z
1'
#100
0'
#105
1R
1F
b1111111111110101 K
b1111111111110101 b
b11010010110010 Q
b11010010110010 [
0L
b1111111111110 P
b1111111111110 q
b1111111101111001 J
b1111111101111001 o
b111 E
b111 i
08
b10000000 9
b10000000 ?
b10000000 @
b10000000 e
b1111111111110101 I
b1111111111110101 _
b11010010110010 O
b11010010110010 X
b111 D
b111 f
b11010010 N
b11010010 ^
b110 6
b110 <
b110 T
b110 z
b11111111111100000101110010 p
b11010010101110 #
b11010010101110 3
b11010010101110 S
b11010010101110 Y
b11010010101110 ]
b11010010101110 l
b11111111111011110011100100101101 n
b1111111111111100 H
b1111111111111100 W
b1111111100100011 "
b1111111100100011 2
b1111111100100011 M
b1111111100100011 `
b1111111100100011 d
b1111111100100011 m
b10000111 !
b10000111 1
b10000111 G
b10000111 g
b10000111 k
1'
#110
0'
#115
b11010010110011 Q
b11010010110011 [
b1011110 K
b1011110 b
b1111111111000111 E
b1111111111000111 i
b1111111111111001 J
b1111111111111001 o
b10000000000000 P
b10000000000000 q
b1111111111000111 D
b1111111111000111 f
b11010010110011 O
b11010010110011 X
b1011110 I
b1011110 _
b1000000 9
b1000000 ?
b1000000 @
b1000000 e
b11 {
b111 !
b111 1
b111 G
b111 g
b111 k
b11111111111111110010101000111011 n
b1111111111110101 "
b1111111111110101 2
b1111111111110101 M
b1111111111110101 `
b1111111111110101 d
b1111111111110101 m
b100000000000000111100101110 p
b11010010110010 #
b11010010110010 3
b11010010110010 S
b11010010110010 Y
b11010010110010 ]
b11010010110010 l
b1111111111111111 H
b1111111111111111 W
b1101001 N
b1101001 ^
b111 6
b111 <
b111 T
b111 z
1'
#120
0'
#125
0R
0F
b10000000000001 Q
b10000000000001 [
b111001 K
b111001 b
1L
b10000000000001 P
b10000000000001 q
b111001 J
b111001 o
b111 E
b111 i
18
17
15
b100 {
b1111111111110101 I
b1111111111110101 _
b111 D
b111 f
b11 |
b100000000000010001010011101 p
b11010010110011 #
b11010010110011 3
b11010010110011 S
b11010010110011 Y
b11010010110011 ]
b11010010110011 l
b1110010001011000010 n
b0 H
b0 W
b1011110 "
b1011110 2
b1011110 M
b1011110 `
b1011110 d
b1011110 m
b1111111111000111 !
b1111111111000111 1
b1111111111000111 G
b1111111111000111 g
b1111111111000111 k
1'
#130
0'
#135
1R
1F
0L
b1111001 K
b1111001 b
b1111111111000111 E
b1111111111000111 i
08
b100010 J
b100010 o
b1001101101111 P
b1001101101111 q
b1111111111000111 D
b1111111111000111 f
b10000000000001 O
b10000000000001 X
b1111001 I
b1111001 _
1$
07
05
b0 {
b111 !
b111 1
b111 G
b111 g
b111 k
b1000101001110110111 n
b111001 "
b111001 2
b111001 M
b111001 `
b111001 d
b111001 m
b10011011011111001101101111 p
b1000000 N
b1000000 ^
b10000000000001 #
b10000000000001 3
b10000000000001 S
b10000000000001 Y
b10000000000001 ]
b10000000000001 l
b100 |
1'
#140
0'
#145
0$
b0 |
b1000011000001 -
b1000011000001 0
b1000011000001 C
b1000000000000 ~
b1101110110110 }
b1000011000001 $"
1'
#150
0'
#155
b1 {
1*
1'
#160
0'
#165
b1000011000001 E
b1000011000001 i
b0 K
b0 b
b10000000000000 Q
b10000000000000 [
14
15
b1 |
b10 {
0*
1'
#170
0'
#175
b0 J
b0 o
b1111011110011111 E
b1111011110011111 i
b10000000000000 K
b10000000000000 b
b10000000000000 Q
b10000000000000 [
b1111011110011111 D
b1111011110011111 f
b10000000000000 O
b10000000000000 X
b10000000000000 I
b10000000000000 _
b1100100100010 9
b1100100100010 ?
b1100100100010 @
b1100100100010 e
04
15
b1000011000001 !
b1000011000001 1
b1000011000001 G
b1000011000001 g
b1000011000001 k
b0 n
b0 "
b0 2
b0 M
b0 `
b0 d
b0 m
b10011011011110000000000000 p
b10000000000000 #
b10000000000000 3
b10000000000000 S
b10000000000000 Y
b10000000000000 ]
b10000000000000 l
b0 H
b0 W
b10000000000000 N
b10000000000000 ^
b0 6
b0 <
b0 T
b0 z
b10 |
1'
#180
0'
#185
0R
0F
b1000000000000 K
b1000000000000 b
b11000000000000 Q
b11000000000000 [
1L
b1001101101111 J
b1001101101111 o
b11001110101 E
b11001110101 i
18
b111011010110 9
b111011010110 ?
b111011010110 @
b111011010110 e
b1000000000000 I
b1000000000000 _
b11000000000000 O
b11000000000000 X
b11001110101 D
b11001110101 f
b1000000000000 N
b1000000000000 ^
b1 6
b1 <
b1 T
b1 z
b10011011011110000000000000 n
b1000000000000 H
b1000000000000 W
b10000000000000 "
b10000000000000 2
b10000000000000 M
b10000000000000 `
b10000000000000 d
b10000000000000 m
b1111011110011111 !
b1111011110011111 1
b1111011110011111 G
b1111011110011111 g
b1111011110011111 k
1'
#190
0'
#195
1R
1F
0L
b10110000000000 Q
b10110000000000 [
b1110000000000 K
b1110000000000 b
b1111111010011110 E
b1111111010011110 i
08
b100110110111 J
b100110110111 o
b1110100100110 P
b1110100100110 q
b1111111010011110 D
b1111111010011110 f
b10110000000000 O
b10110000000000 X
b1110000000000 I
b1110000000000 _
b11111010111 9
b11111010111 ?
b11111010111 @
b11111010111 e
b11001110101 !
b11001110101 1
b11001110101 G
b11001110101 g
b11001110101 k
b1001101101111000000000000 n
b1000000000000 "
b1000000000000 2
b1000000000000 M
b1000000000000 `
b1000000000000 d
b1000000000000 m
b11101001001101000000000000 p
b11000000000000 #
b11000000000000 3
b11000000000000 S
b11000000000000 Y
b11000000000000 ]
b11000000000000 l
b10000000000 H
b10000000000 W
b110000000000 N
b110000000000 ^
b10 6
b10 <
b10 T
b10 z
1'
#200
0'
#205
0R
0F
b1011010000000 K
b1011010000000 b
b10111110000000 Q
b10111110000000 [
1L
b1101010111000 P
b1101010111000 q
b1000100000001 J
b1000100000001 o
b1010011001 E
b1010011001 i
18
b1111111011 9
b1111111011 ?
b1111111011 @
b1111111011 e
b1011010000000 I
b1011010000000 _
b10111110000000 O
b10111110000000 X
b1010011001 D
b1010011001 f
b11 6
b11 <
b11 T
b11 z
b11010101110001010000000000 p
b10110000000 N
b10110000000 ^
b10110000000000 #
b10110000000000 3
b10110000000000 S
b10110000000000 Y
b10110000000000 ]
b10110000000000 l
b10001000000010010000000000 n
b1110000000 H
b1110000000 W
b1110000000000 "
b1110000000000 2
b1110000000000 M
b1110000000000 `
b1110000000000 d
b1110000000000 m
b1111111010011110 !
b1111111010011110 1
b1111111010011110 G
b1111111010011110 g
b1111111010011110 k
1'
#210
0'
#215
1R
1F
0L
b10111000011000 Q
b10111000011000 [
b1100101111000 K
b1100101111000 b
b10011010 E
b10011010 i
08
b110110101010 J
b110110101010 o
b1110011011000 P
b1110011011000 q
b10011010 D
b10011010 f
b10111000011000 O
b10111000011000 X
b1100101111000 I
b1100101111000 _
b111111111 9
b111111111 ?
b111111111 @
b111111111 e
b1010011001 !
b1010011001 1
b1010011001 G
b1010011001 g
b1010011001 k
b1101101010100000110000000 n
b1011010000000 "
b1011010000000 2
b1011010000000 M
b1011010000000 `
b1011010000000 d
b1011010000000 m
b11100110110001100010000000 p
b10111110000000 #
b10111110000000 3
b10111110000000 S
b10111110000000 Y
b10111110000000 ]
b10111110000000 l
b101101000 H
b101101000 W
b1011111000 N
b1011111000 ^
b100 6
b100 <
b100 T
b100 z
1'
#220
0'
#225
b1101011101000 K
b1101011101000 b
b10110101001101 Q
b10110101001101 [
b1101111111110 P
b1101111111110 q
b111101110111 J
b111101110111 o
b1111111110011010 E
b1111111110011010 i
b100000000 9
b100000000 ?
b100000000 @
b100000000 e
b1101011101000 I
b1101011101000 _
b10110101001101 O
b10110101001101 X
b1111111110011010 D
b1111111110011010 f
b101 6
b101 <
b101 T
b101 z
b11011111111100010001101000 p
b101110000 N
b101110000 ^
b10111000011000 #
b10111000011000 3
b10111000011000 S
b10111000011000 Y
b10111000011000 ]
b10111000011000 l
b1111011101111001100001000 n
b11001011 H
b11001011 W
b1100101111000 "
b1100101111000 2
b1100101111000 M
b1100101111000 `
b1100101111000 d
b1100101111000 m
b10011010 !
b10011010 1
b10011010 G
b10011010 g
b10011010 k
1'
#230
0'
#235
0R
0F
1L
b10110110111000 Q
b10110110111000 [
b1101000110011 K
b1101000110011 b
b11010 E
b11010 i
18
b1000001010111 J
b1000001010111 o
b1101110000010 P
b1101110000010 q
b11010 D
b11010 f
b10110110111000 O
b10110110111000 X
b1101000110011 I
b1101000110011 _
b10000000 9
b10000000 ?
b10000000 @
b10000000 e
b1111111110011010 !
b1111111110011010 1
b1111111110011010 G
b1111111110011010 g
b1111111110011010 k
b10000010101110001010011000 n
b1101011101000 "
b1101011101000 2
b1101011101000 M
b1101011101000 `
b1101011101000 d
b1101011101000 m
b11011100000101101101100011 p
b10110101001101 #
b10110101001101 3
b10110101001101 S
b10110101001101 Y
b10110101001101 ]
b10110101001101 l
b1101011 H
b1101011 W
b10110101 N
b10110101 ^
b110 6
b110 <
b110 T
b110 z
1'
#240
0'
#245
1R
1F
b1101010001110 K
b1101010001110 b
b10110110000100 Q
b10110110000100 [
0L
b1101111000011 P
b1101111000011 q
b111111101001 J
b111111101001 o
b1111111111011010 E
b1111111111011010 i
08
b1000000 9
b1000000 ?
b1000000 @
b1000000 e
b11 {
b1101010001110 I
b1101010001110 _
b10110110000100 O
b10110110000100 X
b1111111111011010 D
b1111111111011010 f
b111 6
b111 <
b111 T
b111 z
b11011110000111101011001000 p
b1011011 N
b1011011 ^
b10110110111000 #
b10110110111000 3
b10110110111000 S
b10110110111000 Y
b10110110111000 ]
b10110110111000 l
b1111111010010010100011101 n
b110100 H
b110100 W
b1101000110011 "
b1101000110011 2
b1101000110011 M
b1101000110011 `
b1101000110011 d
b1101000110011 m
b11010 !
b11010 1
b11010 G
b11010 g
b11010 k
1'
#250
0'
#255
0R
0F
1L
b1000000100000 K
b1000000100000 b
b1101110100100 Q
b1101110100100 [
b11010 E
b11010 i
18
b1000000100000 J
b1000000100000 o
b1101110100100 P
b1101110100100 q
b11010 D
b11010 f
b1101000110011 I
b1101000110011 _
b10110110111001 O
b10110110111001 X
17
15
b100 {
b1111111111011010 !
b1111111111011010 1
b1111111111011010 G
b1111111111011010 g
b1111111111011010 k
b10000001000000110110010010 n
b110101 H
b110101 W
b1101010001110 "
b1101010001110 2
b1101010001110 M
b1101010001110 `
b1101010001110 d
b1101010001110 m
b11011101001000100000111100 p
b10110110000100 #
b10110110000100 3
b10110110000100 S
b10110110000100 Y
b10110110000100 ]
b10110110000100 l
b11 |
1'
#260
0'
#265
1R
1F
b1000001010111 K
b1000001010111 b
b1101110000100 Q
b1101110000100 [
0L
b1000011001001 P
b1000011001001 q
b100111001010 J
b100111001010 o
b1111111111011010 E
b1111111111011010 i
08
1$
07
05
b0 {
b1000001010111 I
b1000001010111 _
b1101110000100 O
b1101110000100 X
b1111111111011010 D
b1111111111011010 f
b100 |
b10000110010010100000011100 p
b110111 N
b110111 ^
b1101110100100 #
b1101110100100 3
b1101110100100 S
b1101110100100 Y
b1101110100100 ]
b1101110100100 l
b1001110010101110111100000 n
b100000 H
b100000 W
b1000000100000 "
b1000000100000 2
b1000000100000 M
b1000000100000 `
b1000000100000 d
b1000000100000 m
b11010 !
b11010 1
b11010 G
b11010 g
b11010 k
1'
#270
0'
#275
0$
b0 |
b1100100100010 -
b1100100100010 0
b1100100100010 C
b1011010100001 ~
b1011010100001 }
b1100100100010 $"
1'
#280
0'
#285
b1 {
1*
1'
#290
0'
#295
b1100100100010 E
b1100100100010 i
b0 K
b0 b
b10000000000000 Q
b10000000000000 [
14
15
b1 |
b10 {
0*
1'
#300
0'
#305
b0 E
b0 i
b10000000000000 K
b10000000000000 b
b1001101101111 P
b1001101101111 q
b0 J
b0 o
04
15
b1100100100010 9
b1100100100010 ?
b1100100100010 @
b1100100100010 e
b10000000000000 I
b10000000000000 _
b10000000000000 O
b10000000000000 X
b0 D
b0 f
b10 |
b0 6
b0 <
b0 T
b0 z
b10011011011110000000000000 p
b10000000000000 N
b10000000000000 ^
b10000000000000 #
b10000000000000 3
b10000000000000 S
b10000000000000 Y
b10000000000000 ]
b10000000000000 l
b0 n
b0 H
b0 W
b0 "
b0 2
b0 M
b0 `
b0 d
b0 m
b1100100100010 !
b1100100100010 1
b1100100100010 G
b1100100100010 g
b1100100100010 k
1'
#310
0'
#315
b1000000000000 Q
b1000000000000 [
b11000000000000 K
b11000000000000 b
b1111000100101010 E
b1111000100101010 i
b1001101101111 J
b1001101101111 o
b1111000100101010 D
b1111000100101010 f
b1000000000000 O
b1000000000000 X
b11000000000000 I
b11000000000000 _
b111011010110 9
b111011010110 ?
b111011010110 @
b111011010110 e
b0 !
b0 1
b0 G
b0 g
b0 k
b10011011011110000000000000 n
b1000000000000 H
b1000000000000 W
b10000000000000 "
b10000000000000 2
b10000000000000 M
b10000000000000 `
b10000000000000 d
b10000000000000 m
b1000000000000 N
b1000000000000 ^
b1 6
b1 <
b1 T
b1 z
1'
#320
0'
#325
0R
0F
b10110000000000 K
b10110000000000 b
b1110000000000 Q
b1110000000000 [
1L
b100110110111 P
b100110110111 q
b1110100100110 J
b1110100100110 o
b1111100100000001 E
b1111100100000001 i
18
b11111010111 9
b11111010111 ?
b11111010111 @
b11111010111 e
b10110000000000 I
b10110000000000 _
b1110000000000 O
b1110000000000 X
b1111100100000001 D
b1111100100000001 f
b10 6
b10 <
b10 T
b10 z
b1001101101111000000000000 p
b10000000000 N
b10000000000 ^
b1000000000000 #
b1000000000000 3
b1000000000000 S
b1000000000000 Y
b1000000000000 ]
b1000000000000 l
b11101001001101000000000000 n
b110000000000 H
b110000000000 W
b11000000000000 "
b11000000000000 2
b11000000000000 M
b11000000000000 `
b11000000000000 d
b11000000000000 m
b1111000100101010 !
b1111000100101010 1
b1111000100101010 G
b1111000100101010 g
b1111000100101010 k
1'
#330
0'
#335
b10000110000000 Q
b10000110000000 [
b10100010000000 K
b10100010000000 b
b1111110011111100 E
b1111110011111100 i
b1101010111000 J
b1101010111000 o
b1000100000001 P
b1000100000001 q
b1111110011111100 D
b1111110011111100 f
b10000110000000 O
b10000110000000 X
b10100010000000 I
b10100010000000 _
b1111111011 9
b1111111011 ?
b1111111011 @
b1111111011 e
b1111100100000001 !
b1111100100000001 1
b1111100100000001 G
b1111100100000001 g
b1111100100000001 k
b11010101110001010000000000 n
b10110000000000 "
b10110000000000 2
b10110000000000 M
b10110000000000 `
b10110000000000 d
b10110000000000 m
b10001000000010010000000000 p
b1110000000000 #
b1110000000000 3
b1110000000000 S
b1110000000000 Y
b1110000000000 ]
b1110000000000 l
b10110000000 H
b10110000000 W
b1110000000 N
b1110000000 ^
b11 6
b11 <
b11 T
b11 z
1'
#340
0'
#345
b10011001101000 K
b10011001101000 b
b10010000001000 Q
b10010000001000 [
b1010001011000 P
b1010001011000 q
b1100010011000 J
b1100010011000 o
b1111111011111011 E
b1111111011111011 i
b111111111 9
b111111111 ?
b111111111 @
b111111111 e
b10011001101000 I
b10011001101000 _
b10010000001000 O
b10010000001000 X
b1111111011111011 D
b1111111011111011 f
b100 6
b100 <
b100 T
b100 z
b10100010110000011010000000 p
b1000011000 N
b1000011000 ^
b10000110000000 #
b10000110000000 3
b10000110000000 S
b10000110000000 Y
b10000110000000 ]
b10000110000000 l
b11000100110000111110000000 n
b1010001000 H
b1010001000 W
b10100010000000 "
b10100010000000 2
b10100010000000 M
b10100010000000 `
b10100010000000 d
b10100010000000 m
b1111110011111100 !
b1111110011111100 1
b1111110011111100 G
b1111110011111100 g
b1111110011111100 k
1'
#350
0'
#355
b10010100111011 Q
b10010100111011 [
b10010101001000 K
b10010101001000 b
b1111111111111011 E
b1111111111111011 i
b1011101010010 J
b1011101010010 o
b1010111100001 P
b1010111100001 q
b1111111111111011 D
b1111111111111011 f
b10010100111011 O
b10010100111011 X
b10010101001000 I
b10010101001000 _
b100000000 9
b100000000 ?
b100000000 @
b100000000 e
b1111111011111011 !
b1111111011111011 1
b1111111011111011 G
b1111111011111011 g
b1111111011111011 k
b10111010100101111100011000 n
b10011001101000 "
b10011001101000 2
b10011001101000 M
b10011001101000 `
b10011001101000 d
b10011001101000 m
b10101111000011011101111000 p
b10010000001000 #
b10010000001000 3
b10010000001000 S
b10010000001000 Y
b10010000001000 ]
b10010000001000 l
b100110011 H
b100110011 W
b100100000 N
b100100000 ^
b101 6
b101 <
b101 T
b101 z
1'
#360
0'
#365
b10010010110100 K
b10010010110100 b
b10010111010000 Q
b10010111010000 [
b1011010011100 P
b1011010011100 q
b1011010100100 J
b1011010100100 o
b1111011 E
b1111011 i
b10000000 9
b10000000 ?
b10000000 @
b10000000 e
b10010010110100 I
b10010010110100 _
b10010111010000 O
b10010111010000 X
b1111011 D
b1111011 f
b110 6
b110 <
b110 T
b110 z
b10110100111000010110010101 p
b10010100 N
b10010100 ^
b10010100111011 #
b10010100111011 3
b10010100111011 S
b10010100111011 Y
b10010100111011 ]
b10010100111011 l
b10110101001000001000111000 n
b10010101 H
b10010101 W
b10010101001000 "
b10010101001000 2
b10010101001000 M
b10010101001000 `
b10010101001000 d
b10010101001000 m
b1111111111111011 !
b1111111111111011 1
b1111111111111011 G
b1111111111111011 g
b1111111111111011 k
1'
#370
0'
#375
1R
1F
0L
b10010110000111 Q
b10010110000111 [
b10010011111111 K
b10010011111111 b
b111011 E
b111011 i
08
b1011001001010 J
b1011001001010 o
b1011011110110 P
b1011011110110 q
b111011 D
b111011 f
b10010110000111 O
b10010110000111 X
b10010011111111 I
b10010011111111 _
b1000000 9
b1000000 ?
b1000000 @
b1000000 e
b11 {
b1111011 !
b1111011 1
b1111011 G
b1111011 g
b1111011 k
b10110010010100011000001100 n
b10010010110100 "
b10010010110100 2
b10010010110100 M
b10010010110100 `
b10010010110100 d
b10010010110100 m
b10110111101101010100110000 p
b10010111010000 #
b10010111010000 3
b10010111010000 S
b10010111010000 Y
b10010111010000 ]
b10010111010000 l
b1001001 H
b1001001 W
b1001011 N
b1001011 ^
b111 6
b111 <
b111 T
b111 z
1'
#380
0'
#385
b1011011001010 Q
b1011011001010 [
b1011001110111 K
b1011001110111 b
b1011011001010 P
b1011011001010 q
b1011001110111 J
b1011001110111 o
b1111111111111011 E
b1111111111111011 i
17
15
b100 {
b10010100111110 O
b10010100111110 X
b10010101001010 I
b10010101001010 _
b1111111111111011 D
b1111111111111011 f
b11 |
b10110110010100101010001001 p
b10010110000111 #
b10010110000111 3
b10010110000111 S
b10010110000111 Y
b10010110000111 ]
b10010110000111 l
b10110011101111011110010001 n
b10010011111111 "
b10010011111111 2
b10010011111111 M
b10010011111111 `
b10010011111111 d
b10010011111111 m
b111011 !
b111011 1
b111011 G
b111011 g
b111011 k
1'
#390
0'
#395
0R
0F
1L
b1011001001010 K
b1011001001010 b
b1011011110110 Q
b1011011110110 [
b111011 E
b111011 i
18
b110110100100 J
b110110100100 o
b110111010110 P
b110111010110 q
b111011 D
b111011 f
b1011011110110 O
b1011011110110 X
b1011001001010 I
b1011001001010 _
1$
07
05
b0 {
b1111111111111011 !
b1111111111111011 1
b1111111111111011 G
b1111111111111011 g
b1111111111111011 k
b1101101001001001010011001 n
b101100 H
b101100 W
b1011001110111 "
b1011001110111 2
b1011001110111 M
b1011001110111 `
b1011001110111 d
b1011001110111 m
b1101110101101111110010110 p
b101101 N
b101101 ^
b1011011001010 #
b1011011001010 3
b1011011001010 S
b1011011001010 Y
b1011011001010 ]
b1011011001010 l
b100 |
1'
#400
0'
#405
0$
b0 |
b10000110000010 -
b10000110000010 0
b10000110000010 C
b1101110110110 ~
b1000000000000 }
b10000110000010 $"
1'
#410
0'
#415
b1 {
1*
1'
#420
0'
#425
b10000110000010 E
b10000110000010 i
b0 K
b0 b
b10000000000000 Q
b10000000000000 [
14
15
b1 |
b10 {
0*
1'
#430
0'
#435
1R
1F
0L
08
b0 J
b0 o
b1001101101111 P
b1001101101111 q
b100001100000 E
b100001100000 i
b10000000000000 K
b10000000000000 b
b10000000000000 Q
b10000000000000 [
b100001100000 D
b100001100000 f
b10000000000000 O
b10000000000000 X
b10000000000000 I
b10000000000000 _
b1100100100010 9
b1100100100010 ?
b1100100100010 @
b1100100100010 e
04
15
b10000110000010 !
b10000110000010 1
b10000110000010 G
b10000110000010 g
b10000110000010 k
b0 n
b0 "
b0 2
b0 M
b0 `
b0 d
b0 m
b10011011011110000000000000 p
b10000000000000 #
b10000000000000 3
b10000000000000 S
b10000000000000 Y
b10000000000000 ]
b10000000000000 l
b0 H
b0 W
b10000000000000 N
b10000000000000 ^
b0 6
b0 <
b0 T
b0 z
b10 |
1'
#440
0'
#445
b11000000000000 K
b11000000000000 b
b1000000000000 Q
b1000000000000 [
b1001101101111 J
b1001101101111 o
b1111100110001010 E
b1111100110001010 i
b111011010110 9
b111011010110 ?
b111011010110 @
b111011010110 e
b11000000000000 I
b11000000000000 _
b1000000000000 O
b1000000000000 X
b1111100110001010 D
b1111100110001010 f
b1000000000000 N
b1000000000000 ^
b1 6
b1 <
b1 T
b1 z
b10011011011110000000000000 n
b1000000000000 H
b1000000000000 W
b10000000000000 "
b10000000000000 2
b10000000000000 M
b10000000000000 `
b10000000000000 d
b10000000000000 m
b100001100000 !
b100001100000 1
b100001100000 G
b100001100000 g
b100001100000 k
1'
#450
0'
#455
0R
0F
1L
b1110000000000 Q
b1110000000000 [
b10110000000000 K
b10110000000000 b
b101100001 E
b101100001 i
18
b1110100100110 J
b1110100100110 o
b100110110111 P
b100110110111 q
b101100001 D
b101100001 f
b1110000000000 O
b1110000000000 X
b10110000000000 I
b10110000000000 _
b11111010111 9
b11111010111 ?
b11111010111 @
b11111010111 e
b1111100110001010 !
b1111100110001010 1
b1111100110001010 G
b1111100110001010 g
b1111100110001010 k
b11101001001101000000000000 n
b11000000000000 "
b11000000000000 2
b11000000000000 M
b11000000000000 `
b11000000000000 d
b11000000000000 m
b1001101101111000000000000 p
b1000000000000 #
b1000000000000 3
b1000000000000 S
b1000000000000 Y
b1000000000000 ]
b1000000000000 l
b110000000000 H
b110000000000 W
b10000000000 N
b10000000000 ^
b10 6
b10 <
b10 T
b10 z
1'
#460
0'
#465
1R
1F
b10111110000000 K
b10111110000000 b
b1011010000000 Q
b1011010000000 [
0L
b1000100000001 P
b1000100000001 q
b1101010111000 J
b1101010111000 o
b1111110101100110 E
b1111110101100110 i
08
b1111111011 9
b1111111011 ?
b1111111011 @
b1111111011 e
b10111110000000 I
b10111110000000 _
b1011010000000 O
b1011010000000 X
b1111110101100110 D
b1111110101100110 f
b11 6
b11 <
b11 T
b11 z
b10001000000010010000000000 p
b1110000000 N
b1110000000 ^
b1110000000000 #
b1110000000000 3
b1110000000000 S
b1110000000000 Y
b1110000000000 ]
b1110000000000 l
b11010101110001010000000000 n
b10110000000 H
b10110000000 W
b10110000000000 "
b10110000000000 2
b10110000000000 M
b10110000000000 `
b10110000000000 d
b10110000000000 m
b101100001 !
b101100001 1
b101100001 G
b101100001 g
b101100001 k
1'
#470
0'
#475
0R
0F
1L
b1100101111000 Q
b1100101111000 [
b10111000011000 K
b10111000011000 b
b1111111101100101 E
b1111111101100101 i
18
b1110011011000 J
b1110011011000 o
b110110101010 P
b110110101010 q
b1111111101100101 D
b1111111101100101 f
b1100101111000 O
b1100101111000 X
b10111000011000 I
b10111000011000 _
b111111111 9
b111111111 ?
b111111111 @
b111111111 e
b1111110101100110 !
b1111110101100110 1
b1111110101100110 G
b1111110101100110 g
b1111110101100110 k
b11100110110001100010000000 n
b10111110000000 "
b10111110000000 2
b10111110000000 M
b10111110000000 `
b10111110000000 d
b10111110000000 m
b1101101010100000110000000 p
b1011010000000 #
b1011010000000 3
b1011010000000 S
b1011010000000 Y
b1011010000000 ]
b1011010000000 l
b1011111000 H
b1011111000 W
b101101000 N
b101101000 ^
b100 6
b100 <
b100 T
b100 z
1'
#480
0'
#485
b10110101001101 K
b10110101001101 b
b1101011101000 Q
b1101011101000 [
b111101110111 P
b111101110111 q
b1101111111110 J
b1101111111110 o
b1100101 E
b1100101 i
b100000000 9
b100000000 ?
b100000000 @
b100000000 e
b10110101001101 I
b10110101001101 _
b1101011101000 O
b1101011101000 X
b1100101 D
b1100101 f
b101 6
b101 <
b101 T
b101 z
b1111011101111001100001000 p
b11001011 N
b11001011 ^
b1100101111000 #
b1100101111000 3
b1100101111000 S
b1100101111000 Y
b1100101111000 ]
b1100101111000 l
b11011111111100010001101000 n
b101110000 H
b101110000 W
b10111000011000 "
b10111000011000 2
b10111000011000 M
b10111000011000 `
b10111000011000 d
b10111000011000 m
b1111111101100101 !
b1111111101100101 1
b1111111101100101 G
b1111111101100101 g
b1111111101100101 k
1'
#490
0'
#495
1R
1F
0L
b1101000110011 Q
b1101000110011 [
b10110110111000 K
b10110110111000 b
b1111111111100101 E
b1111111111100101 i
08
b1101110000010 J
b1101110000010 o
b1000001010111 P
b1000001010111 q
b1111111111100101 D
b1111111111100101 f
b1101000110011 O
b1101000110011 X
b10110110111000 I
b10110110111000 _
b10000000 9
b10000000 ?
b10000000 @
b10000000 e
b1100101 !
b1100101 1
b1100101 G
b1100101 g
b1100101 k
b11011100000101101101100011 n
b10110101001101 "
b10110101001101 2
b10110101001101 M
b10110101001101 `
b10110101001101 d
b10110101001101 m
b10000010101110001010011000 p
b1101011101000 #
b1101011101000 3
b1101011101000 S
b1101011101000 Y
b1101011101000 ]
b1101011101000 l
b10110101 H
b10110101 W
b1101011 N
b1101011 ^
b110 6
b110 <
b110 T
b110 z
1'
#500
0'
#505
0R
0F
b10110110000100 K
b10110110000100 b
b1101010001110 Q
b1101010001110 [
1L
b111111101001 P
b111111101001 q
b1101111000011 J
b1101111000011 o
b100101 E
b100101 i
18
b1000000 9
b1000000 ?
b1000000 @
b1000000 e
b11 {
b10110110000100 I
b10110110000100 _
b1101010001110 O
b1101010001110 X
b100101 D
b100101 f
b111 6
b111 <
b111 T
b111 z
b1111111010010010100011101 p
b110100 N
b110100 ^
b1101000110011 #
b1101000110011 3
b1101000110011 S
b1101000110011 Y
b1101000110011 ]
b1101000110011 l
b11011110000111101011001000 n
b1011011 H
b1011011 W
b10110110111000 "
b10110110111000 2
b10110110111000 M
b10110110111000 `
b10110110111000 d
b10110110111000 m
b1111111111100101 !
b1111111111100101 1
b1111111111100101 G
b1111111111100101 g
b1111111111100101 k
1'
#510
0'
#515
1R
1F
0L
b1101110100100 K
b1101110100100 b
b1000000100000 Q
b1000000100000 [
b1111111111100101 E
b1111111111100101 i
08
b1101110100100 J
b1101110100100 o
b1000000100000 P
b1000000100000 q
b1111111111100101 D
b1111111111100101 f
b1101000110011 O
b1101000110011 X
b10110110111001 I
b10110110111001 _
17
15
b100 {
b100101 !
b100101 1
b100101 G
b100101 g
b100101 k
b11011101001000100000111100 n
b10110110000100 "
b10110110000100 2
b10110110000100 M
b10110110000100 `
b10110110000100 d
b10110110000100 m
b10000001000000110110010010 p
b110101 N
b110101 ^
b1101010001110 #
b1101010001110 3
b1101010001110 S
b1101010001110 Y
b1101010001110 ]
b1101010001110 l
b11 |
1'
#520
0'
#525
0R
0F
b1101110000100 K
b1101110000100 b
b1000001010111 Q
b1000001010111 [
1L
b100111001010 P
b100111001010 q
b1000011001001 J
b1000011001001 o
b100101 E
b100101 i
18
1$
07
05
b0 {
b1101110000100 I
b1101110000100 _
b1000001010111 O
b1000001010111 X
b100101 D
b100101 f
b100 |
b1001110010101110111100000 p
b100000 N
b100000 ^
b1000000100000 #
b1000000100000 3
b1000000100000 S
b1000000100000 Y
b1000000100000 ]
b1000000100000 l
b10000110010010100000011100 n
b110111 H
b110111 W
b1101110100100 "
b1101110100100 2
b1101110100100 M
b1101110100100 `
b1101110100100 d
b1101110100100 m
b1111111111100101 !
b1111111111100101 1
b1111111111100101 G
b1111111111100101 g
b1111111111100101 k
1'
#530
0'
#535
0$
b0 |
b11001001000100 -
b11001001000100 0
b11001001000100 C
b10000000000000 ~
b0 }
b11001001000100 $"
1'
#540
0'
#545
b1 {
1*
1'
#550
0'
#555
b11001001000100 E
b11001001000100 i
b0 K
b0 b
b10000000000000 Q
b10000000000000 [
14
15
b1 |
b10 {
0*
1'
#560
0'
#565
1R
1F
0L
b1100100100010 E
b1100100100010 i
b10000000000000 K
b10000000000000 b
b1001101101111 P
b1001101101111 q
b0 J
b0 o
08
04
15
b1100100100010 9
b1100100100010 ?
b1100100100010 @
b1100100100010 e
b10000000000000 I
b10000000000000 _
b10000000000000 O
b10000000000000 X
b1100100100010 D
b1100100100010 f
b10 |
b0 6
b0 <
b0 T
b0 z
b10011011011110000000000000 p
b10000000000000 N
b10000000000000 ^
b10000000000000 #
b10000000000000 3
b10000000000000 S
b10000000000000 Y
b10000000000000 ]
b10000000000000 l
b0 n
b0 H
b0 W
b0 "
b0 2
b0 M
b0 `
b0 d
b0 m
b11001001000100 !
b11001001000100 1
b11001001000100 G
b11001001000100 g
b11001001000100 k
1'
#570
0'
#575
b1000000000000 Q
b1000000000000 [
b11000000000000 K
b11000000000000 b
b101001001100 E
b101001001100 i
b1001101101111 J
b1001101101111 o
b101001001100 D
b101001001100 f
b1000000000000 O
b1000000000000 X
b11000000000000 I
b11000000000000 _
b111011010110 9
b111011010110 ?
b111011010110 @
b111011010110 e
b1100100100010 !
b1100100100010 1
b1100100100010 G
b1100100100010 g
b1100100100010 k
b10011011011110000000000000 n
b1000000000000 H
b1000000000000 W
b10000000000000 "
b10000000000000 2
b10000000000000 M
b10000000000000 `
b10000000000000 d
b10000000000000 m
b1000000000000 N
b1000000000000 ^
b1 6
b1 <
b1 T
b1 z
1'
#580
0'
#585
b11010000000000 K
b11010000000000 b
b10000000000 Q
b10000000000 [
b100110110111 P
b100110110111 q
b1110100100110 J
b1110100100110 o
b1001110101 E
b1001110101 i
b11111010111 9
b11111010111 ?
b11111010111 @
b11111010111 e
b11010000000000 I
b11010000000000 _
b10000000000 O
b10000000000 X
b1001110101 D
b1001110101 f
b10 6
b10 <
b10 T
b10 z
b1001101101111000000000000 p
b10000000000 N
b10000000000 ^
b1000000000000 #
b1000000000000 3
b1000000000000 S
b1000000000000 Y
b1000000000000 ]
b1000000000000 l
b11101001001101000000000000 n
b110000000000 H
b110000000000 W
b11000000000000 "
b11000000000000 2
b11000000000000 M
b11000000000000 `
b11000000000000 d
b11000000000000 m
b101001001100 !
b101001001100 1
b101001001100 G
b101001001100 g
b101001001100 k
1'
#590
0'
#595
b1111110110000000 Q
b1111110110000000 [
b11010010000000 K
b11010010000000 b
b1111111001111010 E
b1111111001111010 i
b1111110010100 J
b1111110010100 o
b1001101101 P
b1001101101 q
b1111111001111010 D
b1111111001111010 f
b1111110110000000 O
b1111110110000000 X
b11010010000000 I
b11010010000000 _
b1111111011 9
b1111111011 ?
b1111111011 @
b1111111011 e
b1001110101 !
b1001110101 1
b1001110101 G
b1001110101 g
b1001110101 k
b11111100101000110000000000 n
b11010000000000 "
b11010000000000 2
b11010000000000 M
b11010000000000 `
b11010000000000 d
b11010000000000 m
b10011011011110000000000 p
b10000000000 #
b10000000000 3
b10000000000 S
b10000000000 Y
b10000000000 ]
b10000000000 l
b11010000000 H
b11010000000 W
b10000000 N
b10000000 ^
b11 6
b11 <
b11 T
b11 z
1'
#600
0'
#605
0R
0F
b11010010101000 K
b11010010101000 b
b11001000 Q
b11001000 [
1L
b1111111001111011 P
b1111111001111011 q
b1111111100010 J
b1111111100010 o
b1111001 E
b1111001 i
18
b111111111 9
b111111111 ?
b111111111 @
b111111111 e
b11010010101000 I
b11010010101000 _
b11001000 O
b11001000 X
b1111001 D
b1111001 f
b100 6
b100 <
b100 T
b100 z
b11111111110011110110101010000000 p
b1111111111011000 N
b1111111111011000 ^
b1111110110000000 #
b1111110110000000 3
b1111110110000000 S
b1111110110000000 Y
b1111110110000000 ]
b1111110110000000 l
b11111111000100001110000000 n
b1101001000 H
b1101001000 W
b11010010000000 "
b11010010000000 2
b11010010000000 M
b11010010000000 `
b11010010000000 d
b11010010000000 m
b1111111001111010 !
b1111111001111010 1
b1111111001111010 G
b1111111001111010 g
b1111111001111010 k
1'
#610
0'
#615
1R
1F
0L
b1111111100100011 Q
b1111111100100011 [
b11010010101110 K
b11010010101110 b
b1111111101111001 E
b1111111101111001 i
08
b1111111111010 J
b1111111111010 o
b1111001 P
b1111001 q
b1111111101111001 D
b1111111101111001 f
b1111111100100011 O
b1111111100100011 X
b11010010101110 I
b11010010101110 _
b100000000 9
b100000000 ?
b100000000 @
b100000000 e
b1111001 !
b1111001 1
b1111001 G
b1111001 g
b1111001 k
b11111111110100110011011000 n
b11010010101000 "
b11010010101000 2
b11010010101000 M
b11010010101000 `
b11010010101000 d
b11010010101000 m
b11110010111010111000 p
b11001000 #
b11001000 3
b11001000 S
b11001000 Y
b11001000 ]
b11001000 l
b110100101 H
b110100101 W
b110 N
b110 ^
b101 6
b101 <
b101 T
b101 z
1'
#620
0'
#625
0R
0F
b1111111111110101 Q
b1111111111110101 [
b11010010110010 K
b11010010110010 b
1L
b1111111101111001 P
b1111111101111001 q
b1111111111110 J
b1111111111110 o
b1111111111111001 E
b1111111111111001 i
18
b10000000 9
b10000000 ?
b10000000 @
b10000000 e
b1111111111110101 O
b1111111111110101 X
b11010010110010 I
b11010010110010 _
b1111111111111001 D
b1111111111111001 f
b11010010 H
b11010010 W
b110 6
b110 <
b110 T
b110 z
b11111111111011110011100100101101 p
b1111111111111100 N
b1111111111111100 ^
b1111111100100011 #
b1111111100100011 3
b1111111100100011 S
b1111111100100011 Y
b1111111100100011 ]
b1111111100100011 l
b11111111111100000101110010 n
b11010010101110 "
b11010010101110 2
b11010010101110 M
b11010010101110 `
b11010010101110 d
b11010010101110 m
b1111111101111001 !
b1111111101111001 1
b1111111101111001 G
b1111111101111001 g
b1111111101111001 k
1'
#630
0'
#635
b1011110 Q
b1011110 [
b11010010110011 K
b11010010110011 b
b111001 E
b111001 i
b10000000000000 J
b10000000000000 o
b1111111111111001 P
b1111111111111001 q
b111001 D
b111001 f
b1011110 O
b1011110 X
b11010010110011 I
b11010010110011 _
b1000000 9
b1000000 ?
b1000000 @
b1000000 e
b11 {
b1111111111111001 !
b1111111111111001 1
b1111111111111001 G
b1111111111111001 g
b1111111111111001 k
b100000000000000111100101110 n
b11010010110010 "
b11010010110010 2
b11010010110010 M
b11010010110010 `
b11010010110010 d
b11010010110010 m
b11111111111111110010101000111011 p
b1111111111110101 #
b1111111111110101 3
b1111111111110101 S
b1111111111110101 Y
b1111111111110101 ]
b1111111111110101 l
b1101001 H
b1101001 W
b1111111111111111 N
b1111111111111111 ^
b111 6
b111 <
b111 T
b111 z
1'
#640
0'
#645
1R
1F
b10000000000001 K
b10000000000001 b
b111001 Q
b111001 [
0L
b111001 P
b111001 q
b10000000000001 J
b10000000000001 o
b1111111111111001 E
b1111111111111001 i
08
17
15
b100 {
b1111111111110101 O
b1111111111110101 X
b1111111111111001 D
b1111111111111001 f
b11 |
b1110010001011000010 p
b0 N
b0 ^
b1011110 #
b1011110 3
b1011110 S
b1011110 Y
b1011110 ]
b1011110 l
b100000000000010001010011101 n
b11010010110011 "
b11010010110011 2
b11010010110011 M
b11010010110011 `
b11010010110011 d
b11010010110011 m
b111001 !
b111001 1
b111001 G
b111001 g
b111001 k
1'
#650
0'
#655
0R
0F
1L
b1111001 Q
b1111001 [
b111001 E
b111001 i
18
b1001101101111 J
b1001101101111 o
b100010 P
b100010 q
b111001 D
b111001 f
b10000000000001 I
b10000000000001 _
b1111001 O
b1111001 X
1$
07
05
b0 {
b1111111111111001 !
b1111111111111001 1
b1111111111111001 G
b1111111111111001 g
b1111111111111001 k
b10011011011111001101101111 n
b1000000 H
b1000000 W
b10000000000001 "
b10000000000001 2
b10000000000001 M
b10000000000001 `
b10000000000001 d
b10000000000001 m
b1000101001110110111 p
b111001 #
b111001 3
b111001 S
b111001 Y
b111001 ]
b111001 l
b100 |
1'
#660
0'
#665
0$
b0 |
b1110111100111111 -
b1110111100111111 0
b1110111100111111 C
b1111000000000000 ~
b1101110110110 }
b1110111100111111 $"
1'
#670
0'
#675
b1 {
1*
1'
#680
0'
#685
b1110111100111111 E
b1110111100111111 i
b0 K
b0 b
b10000000000000 Q
b10000000000000 [
14
15
b1 |
b10 {
0*
1'
#690
0'
#695
b0 J
b0 o
b1001101101111 P
b1001101101111 q
b100001100001 E
b100001100001 i
b1110000000000000 K
b1110000000000000 b
b10000000000000 Q
b10000000000000 [
b100001100001 D
b100001100001 f
b10000000000000 O
b10000000000000 X
b1110000000000000 I
b1110000000000000 _
b1100100100010 9
b1100100100010 ?
b1100100100010 @
b1100100100010 e
04
15
b1110111100111111 !
b1110111100111111 1
b1110111100111111 G
b1110111100111111 g
b1110111100111111 k
b0 n
b0 "
b0 2
b0 M
b0 `
b0 d
b0 m
b10011011011110000000000000 p
b10000000000000 #
b10000000000000 3
b10000000000000 S
b10000000000000 Y
b10000000000000 ]
b10000000000000 l
b0 H
b0 W
b10000000000000 N
b10000000000000 ^
b0 6
b0 <
b0 T
b0 z
b10 |
1'
#700
0'
#705
1R
1F
b1111000000000000 K
b1111000000000000 b
b11000000000000 Q
b11000000000000 [
0L
b1110110010010001 J
b1110110010010001 o
b1111100110001011 E
b1111100110001011 i
08
b111011010110 9
b111011010110 ?
b111011010110 @
b111011010110 e
b1111000000000000 I
b1111000000000000 _
b11000000000000 O
b11000000000000 X
b1111100110001011 D
b1111100110001011 f
b1000000000000 N
b1000000000000 ^
b1 6
b1 <
b1 T
b1 z
b11111101100100100010000000000000 n
b1111000000000000 H
b1111000000000000 W
b1110000000000000 "
b1110000000000000 2
b1110000000000000 M
b1110000000000000 `
b1110000000000000 d
b1110000000000000 m
b100001100001 !
b100001100001 1
b100001100001 G
b100001100001 g
b100001100001 k
1'
#710
0'
#715
0R
0F
1L
b10110000000000 Q
b10110000000000 [
b1110010000000000 K
b1110010000000000 b
b101100010 E
b101100010 i
18
b1111011001001000 J
b1111011001001000 o
b1110100100110 P
b1110100100110 q
b101100010 D
b101100010 f
b10110000000000 O
b10110000000000 X
b1110010000000000 I
b1110010000000000 _
b11111010111 9
b11111010111 ?
b11111010111 @
b11111010111 e
b1111100110001011 !
b1111100110001011 1
b1111100110001011 G
b1111100110001011 g
b1111100110001011 k
b11111110110010010001000000000000 n
b1111000000000000 "
b1111000000000000 2
b1111000000000000 M
b1111000000000000 `
b1111000000000000 d
b1111000000000000 m
b11101001001101000000000000 p
b11000000000000 #
b11000000000000 3
b11000000000000 S
b11000000000000 Y
b11000000000000 ]
b11000000000000 l
b1111110000000000 H
b1111110000000000 W
b110000000000 N
b110000000000 ^
b10 6
b10 <
b10 T
b10 z
1'
#720
0'
#725
1R
1F
b1110100110000000 K
b1110100110000000 b
b10111110000000 Q
b10111110000000 [
0L
b1101010111000 P
b1101010111000 q
b1110111011111110 J
b1110111011111110 o
b1111110101100111 E
b1111110101100111 i
08
b1111111011 9
b1111111011 ?
b1111111011 @
b1111111011 e
b1110100110000000 I
b1110100110000000 _
b10111110000000 O
b10111110000000 X
b1111110101100111 D
b1111110101100111 f
b11 6
b11 <
b11 T
b11 z
b11010101110001010000000000 p
b10110000000 N
b10110000000 ^
b10110000000000 #
b10110000000000 3
b10110000000000 S
b10110000000000 Y
b10110000000000 ]
b10110000000000 l
b11111101110111111101110000000000 n
b1111110010000000 H
b1111110010000000 W
b1110010000000000 "
b1110010000000000 2
b1110010000000000 M
b1110010000000000 `
b1110010000000000 d
b1110010000000000 m
b101100010 !
b101100010 1
b101100010 G
b101100010 g
b101100010 k
1'
#730
0'
#735
0R
0F
1L
b10111000011000 Q
b10111000011000 [
b1110011010001000 K
b1110011010001000 b
b1111111101100110 E
b1111111101100110 i
18
b1111001001010101 J
b1111001001010101 o
b1110011011000 P
b1110011011000 q
b1111111101100110 D
b1111111101100110 f
b10111000011000 O
b10111000011000 X
b1110011010001000 I
b1110011010001000 _
b111111111 9
b111111111 ?
b111111111 @
b111111111 e
b1111110101100111 !
b1111110101100111 1
b1111110101100111 G
b1111110101100111 g
b1111110101100111 k
b11111110010010101011111010000000 n
b1110100110000000 "
b1110100110000000 2
b1110100110000000 M
b1110100110000000 `
b1110100110000000 d
b1110100110000000 m
b11100110110001100010000000 p
b10111110000000 #
b10111110000000 3
b10111110000000 S
b10111110000000 Y
b10111110000000 ]
b10111110000000 l
b1111111010011000 H
b1111111010011000 W
b1011111000 N
b1011111000 ^
b100 6
b100 <
b100 T
b100 z
1'
#740
0'
#745
b1110010100011000 K
b1110010100011000 b
b10110101001100 Q
b10110101001100 [
b1101111111110 P
b1101111111110 q
b1111000010001000 J
b1111000010001000 o
b1100110 E
b1100110 i
b100000000 9
b100000000 ?
b100000000 @
b100000000 e
b1110010100011000 I
b1110010100011000 _
b10110101001100 O
b10110101001100 X
b1100110 D
b1100110 f
b101 6
b101 <
b101 T
b101 z
b11011111111100010001101000 p
b101110000 N
b101110000 ^
b10111000011000 #
b10111000011000 3
b10111000011000 S
b10111000011000 Y
b10111000011000 ]
b10111000011000 l
b11111110000100010000110011111000 n
b1111111100110100 H
b1111111100110100 W
b1110011010001000 "
b1110011010001000 2
b1110011010001000 M
b1110011010001000 `
b1110011010001000 d
b1110011010001000 m
b1111111101100110 !
b1111111101100110 1
b1111111101100110 G
b1111111101100110 g
b1111111101100110 k
1'
#750
0'
#755
1R
1F
0L
b10110110111000 Q
b10110110111000 [
b1110010111001101 K
b1110010111001101 b
b1111111111100110 E
b1111111111100110 i
08
b1110111110101000 J
b1110111110101000 o
b1101110000010 P
b1101110000010 q
b1111111111100110 D
b1111111111100110 f
b10110110111000 O
b10110110111000 X
b1110010111001101 I
b1110010111001101 _
b10000000 9
b10000000 ?
b10000000 @
b10000000 e
b1100110 !
b1100110 1
b1100110 G
b1100110 g
b1100110 k
b11111101111101010001110101101000 n
b1110010100011000 "
b1110010100011000 2
b1110010100011000 M
b1110010100011000 `
b1110010100011000 d
b1110010100011000 m
b11011100000100011111110100 p
b10110101001100 #
b10110101001100 3
b10110101001100 S
b10110101001100 Y
b10110101001100 ]
b10110101001100 l
b1111111110010100 H
b1111111110010100 W
b10110101 N
b10110101 ^
b110 6
b110 <
b110 T
b110 z
1'
#760
0'
#765
0R
0F
b1110010101110010 K
b1110010101110010 b
b10110110000011 Q
b10110110000011 [
1L
b1101111000011 P
b1101111000011 q
b1111000000010110 J
b1111000000010110 o
b100110 E
b100110 i
18
b1000000 9
b1000000 ?
b1000000 @
b1000000 e
b11 {
b1110010101110010 I
b1110010101110010 _
b10110110000011 O
b10110110000011 X
b100110 D
b100110 f
b111 6
b111 <
b111 T
b111 z
b11011110000111101011001000 p
b1011011 N
b1011011 ^
b10110110111000 #
b10110110111000 3
b10110110111000 S
b10110110111000 Y
b10110110111000 ]
b10110110111000 l
b11111110000000101101101011100011 n
b1111111111001011 H
b1111111111001011 W
b1110010111001101 "
b1110010111001101 2
b1110010111001101 M
b1110010111001101 `
b1110010111001101 d
b1110010111001101 m
b1111111111100110 !
b1111111111100110 1
b1111111111100110 G
b1111111111100110 g
b1111111111100110 k
1'
#770
0'
#775
1R
1F
0L
b1110111111011111 K
b1110111111011111 b
b1101110100011 Q
b1101110100011 [
b1111111111100110 E
b1111111111100110 i
08
b1110111111011111 J
b1110111111011111 o
b1101110100011 P
b1101110100011 q
b1111111111100110 D
b1111111111100110 f
b1110010111001101 I
b1110010111001101 _
b10110110111001 O
b10110110111001 X
17
15
b100 {
b100110 !
b100110 1
b100110 G
b100110 g
b100110 k
b11111101111110111111001001101110 n
b1111111111001010 H
b1111111111001010 W
b1110010101110010 "
b1110010101110010 2
b1110010101110010 M
b1110010101110010 `
b1110010101110010 d
b1110010101110010 m
b11011101000111010011001101 p
b10110110000011 #
b10110110000011 3
b10110110000011 S
b10110110000011 Y
b10110110000011 ]
b10110110000011 l
b11 |
1'
#780
0'
#785
0R
0F
b1110111110101000 K
b1110111110101000 b
b1101110000010 Q
b1101110000010 [
1L
b1000011001000 P
b1000011001000 q
b1111011000110100 J
b1111011000110100 o
b100110 E
b100110 i
18
1$
07
05
b0 {
b1110111110101000 I
b1110111110101000 _
b1101110000010 O
b1101110000010 X
b100110 D
b100110 f
b100 |
b10000110010001010010101101 p
b110111 N
b110111 ^
b1101110100011 #
b1101110100011 3
b1101110100011 S
b1101110100011 Y
b1101110100011 ]
b1101110100011 l
b11111110110001101000111010110001 n
b1111111111011111 H
b1111111111011111 W
b1110111111011111 "
b1110111111011111 2
b1110111111011111 M
b1110111111011111 `
b1110111111011111 d
b1110111111011111 m
b1111111111100110 !
b1111111111100110 1
b1111111111100110 G
b1111111111100110 g
b1111111111100110 k
1'
#790
0'
#795
0$
b0 |
b1110011011011110 -
b1110011011011110 0
b1110011011011110 C
b1110100101011111 ~
b1011010100001 }
b1110011011011110 $"
1'
#800
0'
#805
b1 {
1*
1'
#810
0'
#815
b1110011011011110 E
b1110011011011110 i
b0 K
b0 b
b10000000000000 Q
b10000000000000 [
14
15
b1 |
b10 {
0*
1'
#820
0'
#825
b0 E
b0 i
b1110000000000000 K
b1110000000000000 b
b1001101101111 P
b1001101101111 q
b0 J
b0 o
04
15
b1100100100010 9
b1100100100010 ?
b1100100100010 @
b1100100100010 e
b1110000000000000 I
b1110000000000000 _
b10000000000000 O
b10000000000000 X
b0 D
b0 f
b10 |
b0 6
b0 <
b0 T
b0 z
b10011011011110000000000000 p
b10000000000000 N
b10000000000000 ^
b10000000000000 #
b10000000000000 3
b10000000000000 S
b10000000000000 Y
b10000000000000 ]
b10000000000000 l
b0 n
b0 H
b0 W
b0 "
b0 2
b0 M
b0 `
b0 d
b0 m
b1110011011011110 !
b1110011011011110 1
b1110011011011110 G
b1110011011011110 g
b1110011011011110 k
1'
#830
0'
#835
1R
1F
0L
b11000000000000 Q
b11000000000000 [
b1111000000000000 K
b1111000000000000 b
b1111000100101010 E
b1111000100101010 i
08
b1110110010010001 J
b1110110010010001 o
b1111000100101010 D
b1111000100101010 f
b11000000000000 O
b11000000000000 X
b1111000000000000 I
b1111000000000000 _
b111011010110 9
b111011010110 ?
b111011010110 @
b111011010110 e
b0 !
b0 1
b0 G
b0 g
b0 k
b11111101100100100010000000000000 n
b1111000000000000 H
b1111000000000000 W
b1110000000000000 "
b1110000000000000 2
b1110000000000000 M
b1110000000000000 `
b1110000000000000 d
b1110000000000000 m
b1000000000000 N
b1000000000000 ^
b1 6
b1 <
b1 T
b1 z
1'
#840
0'
#845
0R
0F
b1110010000000000 K
b1110010000000000 b
b10110000000000 Q
b10110000000000 [
1L
b1110100100110 P
b1110100100110 q
b1111011001001000 J
b1111011001001000 o
b1111100100000001 E
b1111100100000001 i
18
b11111010111 9
b11111010111 ?
b11111010111 @
b11111010111 e
b1110010000000000 I
b1110010000000000 _
b10110000000000 O
b10110000000000 X
b1111100100000001 D
b1111100100000001 f
b10 6
b10 <
b10 T
b10 z
b11101001001101000000000000 p
b110000000000 N
b110000000000 ^
b11000000000000 #
b11000000000000 3
b11000000000000 S
b11000000000000 Y
b11000000000000 ]
b11000000000000 l
b11111110110010010001000000000000 n
b1111110000000000 H
b1111110000000000 W
b1111000000000000 "
b1111000000000000 2
b1111000000000000 M
b1111000000000000 `
b1111000000000000 d
b1111000000000000 m
b1111000100101010 !
b1111000100101010 1
b1111000100101010 G
b1111000100101010 g
b1111000100101010 k
1'
#850
0'
#855
b10100010000000 Q
b10100010000000 [
b1101111010000000 K
b1101111010000000 b
b1111110011111100 E
b1111110011111100 i
b1110111011111110 J
b1110111011111110 o
b1101010111000 P
b1101010111000 q
b1111110011111100 D
b1111110011111100 f
b10100010000000 O
b10100010000000 X
b1101111010000000 I
b1101111010000000 _
b1111111011 9
b1111111011 ?
b1111111011 @
b1111111011 e
b1111100100000001 !
b1111100100000001 1
b1111100100000001 G
b1111100100000001 g
b1111100100000001 k
b11111101110111111101110000000000 n
b1110010000000000 "
b1110010000000000 2
b1110010000000000 M
b1110010000000000 `
b1110010000000000 d
b1110010000000000 m
b11010101110001010000000000 p
b10110000000000 #
b10110000000000 3
b10110000000000 S
b10110000000000 Y
b10110000000000 ]
b10110000000000 l
b1111110010000000 H
b1111110010000000 W
b10110000000 N
b10110000000 ^
b11 6
b11 <
b11 T
b11 z
1'
#860
0'
#865
b1101101111111000 K
b1101101111111000 b
b10011001101000 Q
b10011001101000 [
b1100010011000 P
b1100010011000 q
b1110101110100111 J
b1110101110100111 o
b1111111011111011 E
b1111111011111011 i
b111111111 9
b111111111 ?
b111111111 @
b111111111 e
b1101101111111000 I
b1101101111111000 _
b10011001101000 O
b10011001101000 X
b1111111011111011 D
b1111111011111011 f
b100 6
b100 <
b100 T
b100 z
b11000100110000111110000000 p
b1010001000 N
b1010001000 ^
b10100010000000 #
b10100010000000 3
b10100010000000 S
b10100010000000 Y
b10100010000000 ]
b10100010000000 l
b11111101011101001111100110000000 n
b1111110111101000 H
b1111110111101000 W
b1101111010000000 "
b1101111010000000 2
b1101111010000000 M
b1101111010000000 `
b1101111010000000 d
b1101111010000000 m
b1111110011111100 !
b1111110011111100 1
b1111110011111100 G
b1111110011111100 g
b1111110011111100 k
1'
#870
0'
#875
b10010101000111 Q
b10010101000111 [
b1101101011000101 K
b1101101011000101 b
b1111111111111011 E
b1111111111111011 i
b1110101000011110 J
b1110101000011110 o
b1011101010010 P
b1011101010010 q
b1111111111111011 D
b1111111111111011 f
b10010101000111 O
b10010101000111 X
b1101101011000101 I
b1101101011000101 _
b100000000 9
b100000000 ?
b100000000 @
b100000000 e
b1111111011111011 !
b1111111011111011 1
b1111111011111011 G
b1111111011111011 g
b1111111011111011 k
b11111101010000111100100010001000 n
b1101101111111000 "
b1101101111111000 2
b1101101111111000 M
b1101101111111000 `
b1101101111111000 d
b1101101111111000 m
b10111010100101111100011000 p
b10011001101000 #
b10011001101000 3
b10011001101000 S
b10011001101000 Y
b10011001101000 ]
b10011001101000 l
b1111111011011111 H
b1111111011011111 W
b100110011 N
b100110011 ^
b101 6
b101 <
b101 T
b101 z
1'
#880
0'
#885
b1101101000110000 K
b1101101000110000 b
b10010010110010 Q
b10010010110010 [
b1011010100011 P
b1011010100011 q
b1110100101100011 J
b1110100101100011 o
b1111011 E
b1111011 i
b10000000 9
b10000000 ?
b10000000 @
b10000000 e
b1101101000110000 I
b1101101000110000 _
b10010010110010 O
b10010010110010 X
b1111011 D
b1111011 f
b110 6
b110 <
b110 T
b110 z
b10110101000110111011001001 p
b10010101 N
b10010101 ^
b10010101000111 #
b10010101000111 3
b10010101000111 S
b10010101000111 Y
b10010101000111 ]
b10010101000111 l
b11111101001011000111101001101011 n
b1111111101101011 H
b1111111101101011 W
b1101101011000101 "
b1101101011000101 2
b1101101011000101 M
b1101101011000101 `
b1101101011000101 d
b1101101011000101 m
b1111111111111011 !
b1111111111111011 1
b1111111111111011 G
b1111111111111011 g
b1111111111111011 k
1'
#890
0'
#895
1R
1F
0L
b10010011111110 Q
b10010011111110 [
b1101101001111001 K
b1101101001111001 b
b111011 E
b111011 i
08
b1110100100001001 J
b1110100100001001 o
b1011001001000 P
b1011001001000 q
b111011 D
b111011 f
b10010011111110 O
b10010011111110 X
b1101101001111001 I
b1101101001111001 _
b1000000 9
b1000000 ?
b1000000 @
b1000000 e
b11 {
b1111011 !
b1111011 1
b1111011 G
b1111011 g
b1111011 k
b11111101001000010010101011010000 n
b1101101000110000 "
b1101101000110000 2
b1101101000110000 M
b1101101000110000 `
b1101101000110000 d
b1101101000110000 m
b10110010010001111100101110 p
b10010010110010 #
b10010010110010 3
b10010010110010 S
b10010010110010 Y
b10010010110010 ]
b10010010110010 l
b1111111110110100 H
b1111111110110100 W
b1001001 N
b1001001 ^
b111 6
b111 <
b111 T
b111 z
1'
#900
0'
#905
b1011001110111 Q
b1011001110111 [
b1110100100110101 K
b1110100100110101 b
b1011001110111 P
b1011001110111 q
b1110100100110101 J
b1110100100110101 o
b1111111111111011 E
b1111111111111011 i
17
15
b100 {
b10010101001010 O
b10010101001010 X
b1101101011000010 I
b1101101011000010 _
b1111111111111011 D
b1111111111111011 f
b11 |
b10110011101110010000100010 p
b10010011111110 #
b10010011111110 3
b10010011111110 S
b10010011111110 Y
b10010011111110 ]
b10010011111110 l
b11111101001001101011010101110111 n
b1101101001111001 "
b1101101001111001 2
b1101101001111001 M
b1101101001111001 `
b1101101001111001 d
b1101101001111001 m
b111011 !
b111011 1
b111011 G
b111011 g
b111011 k
1'
#910
0'
#915
0R
0F
1L
b1110100100001001 K
b1110100100001001 b
b1011001001001 Q
b1011001001001 [
b111011 E
b111011 i
18
b1111001000101000 J
b1111001000101000 o
b110110100100 P
b110110100100 q
b111011 D
b111011 f
b1011001001001 O
b1011001001001 X
b1110100100001001 I
b1110100100001001 _
1$
07
05
b0 {
b1111111111111011 !
b1111111111111011 1
b1111111111111011 G
b1111111111111011 g
b1111111111111011 k
b11111110010001010000110011111011 n
b1111111111010010 H
b1111111111010010 W
b1110100100110101 "
b1110100100110101 2
b1110100100110101 M
b1110100100110101 `
b1110100100110101 d
b1110100100110101 m
b1101101001001001010011001 p
b101100 N
b101100 ^
b1011001110111 #
b1011001110111 3
b1011001110111 S
b1011001110111 Y
b1011001110111 ]
b1011001110111 l
b100 |
1'
#920
0'
#925
0$
b0 |
b1101111001111110 -
b1101111001111110 0
b1101111001111110 C
b1110010001001010 ~
b1000000000000 }
b1101111001111110 $"
1'
#930
0'
#935
b1 {
1*
1'
#940
0'
#945
b1101111001111110 E
b1101111001111110 i
b0 K
b0 b
b10000000000000 Q
b10000000000000 [
14
15
b1 |
b10 {
0*
1'
#950
0'
#955
b0 J
b0 o
b1001101101111 P
b1001101101111 q
b1111011110100000 E
b1111011110100000 i
b1110000000000000 K
b1110000000000000 b
b10000000000000 Q
b10000000000000 [
b1111011110100000 D
b1111011110100000 f
b10000000000000 O
b10000000000000 X
b1110000000000000 I
b1110000000000000 _
b1100100100010 9
b1100100100010 ?
b1100100100010 @
b1100100100010 e
04
15
b1101111001111110 !
b1101111001111110 1
b1101111001111110 G
b1101111001111110 g
b1101111001111110 k
b0 n
b0 "
b0 2
b0 M
b0 `
b0 d
b0 m
b10011011011110000000000000 p
b10000000000000 #
b10000000000000 3
b10000000000000 S
b10000000000000 Y
b10000000000000 ]
b10000000000000 l
b0 H
b0 W
b10000000000000 N
b10000000000000 ^
b0 6
b0 <
b0 T
b0 z
b10 |
1'
#960
0'
#965
b1101000000000000 K
b1101000000000000 b
b1000000000000 Q
b1000000000000 [
b1110110010010001 J
b1110110010010001 o
b11001110110 E
b11001110110 i
b111011010110 9
b111011010110 ?
b111011010110 @
b111011010110 e
b1101000000000000 I
b1101000000000000 _
b1000000000000 O
b1000000000000 X
b11001110110 D
b11001110110 f
b1000000000000 N
b1000000000000 ^
b1 6
b1 <
b1 T
b1 z
b11111101100100100010000000000000 n
b1111000000000000 H
b1111000000000000 W
b1110000000000000 "
b1110000000000000 2
b1110000000000000 M
b1110000000000000 `
b1110000000000000 d
b1110000000000000 m
b1111011110100000 !
b1111011110100000 1
b1111011110100000 G
b1111011110100000 g
b1111011110100000 k
1'
#970
0'
#975
1R
1F
0L
b1110000000000 Q
b1110000000000 [
b1101010000000000 K
b1101010000000000 b
b1111111010011111 E
b1111111010011111 i
08
b1110001011011001 J
b1110001011011001 o
b100110110111 P
b100110110111 q
b1111111010011111 D
b1111111010011111 f
b1110000000000 O
b1110000000000 X
b1101010000000000 I
b1101010000000000 _
b11111010111 9
b11111010111 ?
b11111010111 @
b11111010111 e
b11001110110 !
b11001110110 1
b11001110110 G
b11001110110 g
b11001110110 k
b11111100010110110011000000000000 n
b1101000000000000 "
b1101000000000000 2
b1101000000000000 M
b1101000000000000 `
b1101000000000000 d
b1101000000000000 m
b1001101101111000000000000 p
b1000000000000 #
b1000000000000 3
b1000000000000 S
b1000000000000 Y
b1000000000000 ]
b1000000000000 l
b1111010000000000 H
b1111010000000000 W
b10000000000 N
b10000000000 ^
b10 6
b10 <
b10 T
b10 z
1'
#980
0'
#985
0R
0F
b1101000010000000 K
b1101000010000000 b
b1011010000000 Q
b1011010000000 [
1L
b1000100000001 P
b1000100000001 q
b1110010101000111 J
b1110010101000111 o
b1010011010 E
b1010011010 i
18
b1111111011 9
b1111111011 ?
b1111111011 @
b1111111011 e
b1101000010000000 I
b1101000010000000 _
b1011010000000 O
b1011010000000 X
b1010011010 D
b1010011010 f
b11 6
b11 <
b11 T
b11 z
b10001000000010010000000000 p
b1110000000 N
b1110000000 ^
b1110000000000 #
b1110000000000 3
b1110000000000 S
b1110000000000 Y
b1110000000000 ]
b1110000000000 l
b11111100101010001110110000000000 n
b1111101010000000 H
b1111101010000000 W
b1101010000000000 "
b1101010000000000 2
b1101010000000000 M
b1101010000000000 `
b1101010000000000 d
b1101010000000000 m
b1111111010011111 !
b1111111010011111 1
b1111111010011111 G
b1111111010011111 g
b1111111010011111 k
1'
#990
0'
#995
1R
1F
0L
b1100101111000 Q
b1100101111000 [
b1101000111101000 K
b1101000111101000 b
b10011011 E
b10011011 i
08
b1110001100100111 J
b1110001100100111 o
b110110101010 P
b110110101010 q
b10011011 D
b10011011 f
b1100101111000 O
b1100101111000 X
b1101000111101000 I
b1101000111101000 _
b111111111 9
b111111111 ?
b111111111 @
b111111111 e
b1010011010 !
b1010011010 1
b1010011010 G
b1010011010 g
b1010011010 k
b11111100011001001110011110000000 n
b1101000010000000 "
b1101000010000000 2
b1101000010000000 M
b1101000010000000 `
b1101000010000000 d
b1101000010000000 m
b1101101010100000110000000 p
b1011010000000 #
b1011010000000 3
b1011010000000 S
b1011010000000 Y
b1011010000000 ]
b1011010000000 l
b1111110100001000 H
b1111110100001000 W
b101101000 N
b101101000 ^
b100 6
b100 <
b100 T
b100 z
1'
#1000
0'
#1005
b1101001010110011 K
b1101001010110011 b
b1101011101001 Q
b1101011101001 [
b111101110111 P
b111101110111 q
b1110010000000001 J
b1110010000000001 o
b1111111110011011 E
b1111111110011011 i
b100000000 9
b100000000 ?
b100000000 @
b100000000 e
b1101001010110011 I
b1101001010110011 _
b1101011101001 O
b1101011101001 X
b1111111110011011 D
b1111111110011011 f
b101 6
b101 <
b101 T
b101 z
b1111011101111001100001000 p
b11001011 N
b11001011 ^
b1100101111000 #
b1100101111000 3
b1100101111000 S
b1100101111000 Y
b1100101111000 ]
b1100101111000 l
b11111100100000000011101110011000 n
b1111111010001111 H
b1111111010001111 W
b1101000111101000 "
b1101000111101000 2
b1101000111101000 M
b1101000111101000 `
b1101000111101000 d
b1101000111101000 m
b10011011 !
b10011011 1
b10011011 G
b10011011 g
b10011011 k
1'
#1010
0'
#1015
0R
0F
1L
b1101000110011 Q
b1101000110011 [
b1101001001001000 K
b1101001001001000 b
b11011 E
b11011 i
18
b1110010001111101 J
b1110010001111101 o
b1000001010111 P
b1000001010111 q
b11011 D
b11011 f
b1101000110011 O
b1101000110011 X
b1101001001001000 I
b1101001001001000 _
b10000000 9
b10000000 ?
b10000000 @
b10000000 e
b1111111110011011 !
b1111111110011011 1
b1111111110011011 G
b1111111110011011 g
b1111111110011011 k
b11111100100011111010010010011101 n
b1101001010110011 "
b1101001010110011 2
b1101001010110011 M
b1101001010110011 `
b1101001010110011 d
b1101001010110011 m
b10000010101111011000000111 p
b1101011101001 #
b1101011101001 3
b1101011101001 S
b1101011101001 Y
b1101011101001 ]
b1101011101001 l
b1111111101001010 H
b1111111101001010 W
b1101011 N
b1101011 ^
b110 6
b110 <
b110 T
b110 z
1'
#1020
0'
#1025
1R
1F
b1101001001111100 K
b1101001001111100 b
b1101010001111 Q
b1101010001111 [
0L
b111111101001 P
b111111101001 q
b1110010000111100 J
b1110010000111100 o
b1111111111011011 E
b1111111111011011 i
08
b1000000 9
b1000000 ?
b1000000 @
b1000000 e
b11 {
b1101001001111100 I
b1101001001111100 _
b1101010001111 O
b1101010001111 X
b1111111111011011 D
b1111111111011011 f
b111 6
b111 <
b111 T
b111 z
b1111111010010010100011101 p
b110100 N
b110100 ^
b1101000110011 #
b1101000110011 3
b1101000110011 S
b1101000110011 Y
b1101000110011 ]
b1101000110011 l
b11111100100001111000010100111000 n
b1111111110100100 H
b1111111110100100 W
b1101001001001000 "
b1101001001001000 2
b1101001001001000 M
b1101001001001000 `
b1101001001001000 d
b1101001001001000 m
b11011 !
b11011 1
b11011 G
b11011 g
b11011 k
1'
#1030
0'
#1035
0R
0F
1L
b1110010001011011 K
b1110010001011011 b
b1000000100001 Q
b1000000100001 [
b11011 E
b11011 i
18
b1110010001011011 J
b1110010001011011 o
b1000000100001 P
b1000000100001 q
b11011 D
b11011 f
b1101000110011 O
b1101000110011 X
b1101001001000111 I
b1101001001000111 _
17
15
b100 {
b1111111111011011 !
b1111111111011011 1
b1111111111011011 G
b1111111111011011 g
b1111111111011011 k
b11111100100010110111011111000100 n
b1101001001111100 "
b1101001001111100 2
b1101001001111100 M
b1101001001111100 `
b1101001001111100 d
b1101001001111100 m
b10000001000010000100000001 p
b110101 N
b110101 ^
b1101010001111 #
b1101010001111 3
b1101010001111 S
b1101010001111 Y
b1101010001111 ]
b1101010001111 l
b11 |
1'
#1040
0'
#1045
1R
1F
b1110010001111011 K
b1110010001111011 b
b1000001011001 Q
b1000001011001 [
0L
b100111001011 P
b100111001011 q
b1110111100110110 J
b1110111100110110 o
b1111111111011011 E
b1111111111011011 i
08
1$
07
05
b0 {
b1110010001111011 I
b1110010001111011 _
b1000001011001 O
b1000001011001 X
b1111111111011011 D
b1111111111011011 f
b100 |
b1001110010111000101001111 p
b100000 N
b100000 ^
b1000000100001 #
b1000000100001 3
b1000000100001 S
b1000000100001 Y
b1000000100001 ]
b1000000100001 l
b11111101111001101100010001110101 n
b1111111111001000 H
b1111111111001000 W
b1110010001011011 "
b1110010001011011 2
b1110010001011011 M
b1110010001011011 `
b1110010001011011 d
b1110010001011011 m
b11011 !
b11011 1
b11011 G
b11011 g
b11011 k
1'
#1050
0'
#1055
0$
b0 |
b1000001011001 Q
b1000001011001 [
b1110010001111011 K
b1110010001111011 b
b1111111111011011 E
b1111111111011011 i
b1000001011001 O
b1000001011001 X
b1110010001111011 I
b1110010001111011 _
b1111111111011011 D
b1111111111011011 f
18
1R
0L
1F
b0 -
b0 0
b0 C
1(
b0 %"
b10000000000000 &"
b0 ("
b10000000000000 '"
1'
#1060
0'
#1065
b1 {
1*
1'
#1070
0'
#1075
b0 E
b0 i
b0 K
b0 b
b10000000000000 Q
b10000000000000 [
14
15
b1 |
b10 {
0*
1'
#1080
0'
#1085
1L
0R
0F
b1100100100010 E
b1100100100010 i
b1110000000000000 K
b1110000000000000 b
b1001101101111 P
b1001101101111 q
b0 J
b0 o
08
04
15
b1100100100010 9
b1100100100010 ?
b1100100100010 @
b1100100100010 e
b1110000000000000 I
b1110000000000000 _
b10000000000000 O
b10000000000000 X
b1100100100010 D
b1100100100010 f
b10 |
b0 6
b0 <
b0 T
b0 z
b10011011011110000000000000 p
b10000000000000 N
b10000000000000 ^
b10000000000000 #
b10000000000000 3
b10000000000000 S
b10000000000000 Y
b10000000000000 ]
b10000000000000 l
b0 n
b0 H
b0 W
b0 "
b0 2
b0 M
b0 `
b0 d
b0 m
b0 !
b0 1
b0 G
b0 g
b0 k
1'
#1090
0'
#1095
0L
b11000000000000 Q
b11000000000000 [
1R
1F
b1111000000000000 K
b1111000000000000 b
b101001001100 E
b101001001100 i
b1110110010010001 J
b1110110010010001 o
18
b101001001100 D
b101001001100 f
b11000000000000 O
b11000000000000 X
b1111000000000000 I
b1111000000000000 _
b111011010110 9
b111011010110 ?
b111011010110 @
b111011010110 e
b1100100100010 !
b1100100100010 1
b1100100100010 G
b1100100100010 g
b1100100100010 k
b11111101100100100010000000000000 n
b1111000000000000 H
b1111000000000000 W
b1110000000000000 "
b1110000000000000 2
b1110000000000000 M
b1110000000000000 `
b1110000000000000 d
b1110000000000000 m
b1000000000000 N
b1000000000000 ^
b1 6
b1 <
b1 T
b1 z
1'
#1100
0'
#1105
b1111110000000000 K
b1111110000000000 b
b11010000000000 Q
b11010000000000 [
b1110100100110 P
b1110100100110 q
b1111011001001000 J
b1111011001001000 o
b1001110101 E
b1001110101 i
b11111010111 9
b11111010111 ?
b11111010111 @
b11111010111 e
b1111110000000000 I
b1111110000000000 _
b11010000000000 O
b11010000000000 X
b1001110101 D
b1001110101 f
b10 6
b10 <
b10 T
b10 z
b11101001001101000000000000 p
b110000000000 N
b110000000000 ^
b11000000000000 #
b11000000000000 3
b11000000000000 S
b11000000000000 Y
b11000000000000 ]
b11000000000000 l
b11111110110010010001000000000000 n
b1111110000000000 H
b1111110000000000 W
b1111000000000000 "
b1111000000000000 2
b1111000000000000 M
b1111000000000000 `
b1111000000000000 d
b1111000000000000 m
b101001001100 !
b101001001100 1
b101001001100 G
b101001001100 g
b101001001100 k
1'
#1110
0'
#1115
b11010010000000 Q
b11010010000000 [
b1010000000 K
b1010000000 b
b1111111001111010 E
b1111111001111010 i
b1111110110010010 J
b1111110110010010 o
b1111110010100 P
b1111110010100 q
b1111111001111010 D
b1111111001111010 f
b11010010000000 O
b11010010000000 X
b1010000000 I
b1010000000 _
b1111111011 9
b1111111011 ?
b1111111011 @
b1111111011 e
b1001110101 !
b1001110101 1
b1001110101 G
b1001110101 g
b1001110101 k
b11111111101100100100010000000000 n
b1111110000000000 "
b1111110000000000 2
b1111110000000000 M
b1111110000000000 `
b1111110000000000 d
b1111110000000000 m
b11111100101000110000000000 p
b11010000000000 #
b11010000000000 3
b11010000000000 S
b11010000000000 Y
b11010000000000 ]
b11010000000000 l
b1111111110000000 H
b1111111110000000 W
b11010000000 N
b11010000000 ^
b11 6
b11 <
b11 T
b11 z
1'
#1120
0'
#1125
1L
b1111111100111000 K
b1111111100111000 b
b11010010101000 Q
b11010010101000 [
0R
0F
b1111111100010 P
b1111111100010 q
b110000100 J
b110000100 o
08
b1111001 E
b1111001 i
b111111111 9
b111111111 ?
b111111111 @
b111111111 e
b1111111100111000 I
b1111111100111000 _
b11010010101000 O
b11010010101000 X
b1111001 D
b1111001 f
b100 6
b100 <
b100 T
b100 z
b11111111000100001110000000 p
b1101001000 N
b1101001000 ^
b11010010000000 #
b11010010000000 3
b11010010000000 S
b11010010000000 Y
b11010010000000 ]
b11010010000000 l
b1100001001010110000000 n
b101000 H
b101000 W
b1010000000 "
b1010000000 2
b1010000000 M
b1010000000 `
b1010000000 d
b1010000000 m
b1111111001111010 !
b1111111001111010 1
b1111111001111010 G
b1111111001111010 g
b1111111001111010 k
1'
#1130
0'
#1135
0L
1R
1F
b11010010101111 Q
b11010010101111 [
b11011101 K
b11011101 b
b1111111101111001 E
b1111111101111001 i
b1111111110000110 J
b1111111110000110 o
18
b1111111111010 P
b1111111111010 q
b1111111101111001 D
b1111111101111001 f
b11010010101111 O
b11010010101111 X
b11011101 I
b11011101 _
b100000000 9
b100000000 ?
b100000000 @
b100000000 e
b1111001 !
b1111001 1
b1111001 G
b1111001 g
b1111001 k
b11111111111100001101000101001000 n
b1111111100111000 "
b1111111100111000 2
b1111111100111000 M
b1111111100111000 `
b1111111100111000 d
b1111111100111000 m
b11111111110100110011011000 p
b11010010101000 #
b11010010101000 3
b11010010101000 S
b11010010101000 Y
b11010010101000 ]
b11010010101000 l
b1111111111111001 H
b1111111111111001 W
b110100101 N
b110100101 ^
b101 6
b101 <
b101 T
b101 z
1'
#1140
0'
#1145
1L
b1011 K
b1011 b
b11010010110010 Q
b11010010110010 [
0R
0F
b1111111111110 P
b1111111111110 q
b10000110 J
b10000110 o
08
b1111111111111001 E
b1111111111111001 i
b10000000 9
b10000000 ?
b10000000 @
b10000000 e
b1011 I
b1011 _
b11010010110010 O
b11010010110010 X
b1111111111111001 D
b1111111111111001 f
b11010010 N
b11010010 ^
b110 6
b110 <
b110 T
b110 z
b11111111111101010011100001 p
b11010010101111 #
b11010010101111 3
b11010010101111 S
b11010010101111 Y
b11010010101111 ]
b11010010101111 l
b100001100011011010011 n
b11 H
b11 W
b11011101 "
b11011101 2
b11011101 M
b11011101 `
b11011101 d
b11011101 m
b1111111101111001 !
b1111111101111001 1
b1111111101111001 G
b1111111101111001 g
b1111111101111001 k
1'
#1150
0'
#1155
b1111111110100010 K
b1111111110100010 b
b111001 E
b111001 i
b110 J
b110 o
b10000000000000 P
b10000000000000 q
b111001 D
b111001 f
b1111111110100010 I
b1111111110100010 _
b1000000 9
b1000000 ?
b1000000 @
b1000000 e
b11 {
b1111111111111001 !
b1111111111111001 1
b1111111111111001 G
b1111111111111001 g
b1111111111111001 k
b1101010111000101 n
b1011 "
b1011 2
b1011 M
b1011 `
b1011 d
b1011 m
b100000000000000111100101110 p
b11010010110010 #
b11010010110010 3
b11010010110010 S
b11010010110010 Y
b11010010110010 ]
b11010010110010 l
b0 H
b0 W
b1101001 N
b1101001 ^
b111 6
b111 <
b111 T
b111 z
1'
#1160
0'
#1165
0L
b1111111111000110 K
b1111111111000110 b
b10000000000000 Q
b10000000000000 [
1R
1F
b1111111111000110 J
b1111111111000110 o
18
b1111111111111001 E
b1111111111111001 i
17
15
b100 {
b1011 I
b1011 _
b11010010110011 O
b11010010110011 X
b1111111111111001 D
b1111111111111001 f
b11 |
b11111111111110001101110100111110 n
b1111111111111111 H
b1111111111111111 W
b1111111110100010 "
b1111111110100010 2
b1111111110100010 M
b1111111110100010 `
b1111111110100010 d
b1111111110100010 m
b111001 !
b111001 1
b111001 G
b111001 g
b111001 k
1'
#1170
0'
#1175
b110 K
b110 b
b10000000000001 Q
b10000000000001 [
b1111111110111001 E
b1111111110111001 i
b1111111111011100 J
b1111111111011100 o
b1001101101111 P
b1001101101111 q
b1111111110111001 D
b1111111110111001 f
b10000000000001 O
b10000000000001 X
b110 I
b110 _
1$
07
05
b0 {
b1111111111111001 !
b1111111111111001 1
b1111111111111001 G
b1111111111111001 g
b1111111111111001 k
b11111111111110111001100011011010 n
b1111111111000110 "
b1111111111000110 2
b1111111111000110 M
b1111111111000110 `
b1111111111000110 d
b1111111111000110 m
b10011011011110000000000000 p
b1000000 N
b1000000 ^
b10000000000000 #
b10000000000000 3
b10000000000000 S
b10000000000000 Y
b10000000000000 ]
b10000000000000 l
b100 |
1'
#1180
0'
#1185
0$
b0 |
b10000000000000 ,
b10000000000000 /
b10000000000000 B
b1100100100010 %"
b10110101000001 &"
b10000000000000 ("
1'
#1190
0'
#1195
b1 {
1*
1'
#1200
0'
#1205
b0 E
b0 i
b10000000000000 K
b10000000000000 b
b10000000000000 Q
b10000000000000 [
14
15
b1 |
b10 {
0*
1'
#1210
0'
#1215
1L
0R
0F
b1001101101111 J
b1001101101111 o
08
b1100100100010 E
b1100100100010 i
b0 K
b0 b
b100000000000000 Q
b100000000000000 [
b1100100100010 D
b1100100100010 f
b100000000000000 O
b100000000000000 X
b0 I
b0 _
b1100100100010 9
b1100100100010 ?
b1100100100010 @
b1100100100010 e
04
15
b0 !
b0 1
b0 G
b0 g
b0 k
b10011011011110000000000000 n
b10000000000000 "
b10000000000000 2
b10000000000000 M
b10000000000000 `
b10000000000000 d
b10000000000000 m
b10000000000000 H
b10000000000000 W
b10000000000000 N
b10000000000000 ^
b0 6
b0 <
b0 T
b0 z
b10 |
1'
#1220
0'
#1225
b1110000000000000 K
b1110000000000000 b
b10011011011110 P
b10011011011110 q
b0 J
b0 o
b10011111111000 E
b10011111111000 i
b111011010110 9
b111011010110 ?
b111011010110 @
b111011010110 e
b1110000000000000 I
b1110000000000000 _
b10011111111000 D
b10011111111000 f
b1 6
b1 <
b1 T
b1 z
b100110110111100000000000000 p
b10000000000000 N
b10000000000000 ^
b100000000000000 #
b100000000000000 3
b100000000000000 S
b100000000000000 Y
b100000000000000 ]
b100000000000000 l
b0 n
b0 H
b0 W
b0 "
b0 2
b0 M
b0 `
b0 d
b0 m
b1100100100010 !
b1100100100010 1
b1100100100010 G
b1100100100010 g
b1100100100010 k
1'
#1230
0'
#1235
0L
b100100000000000 Q
b100100000000000 [
1R
1F
b1111000000000000 K
b1111000000000000 b
b10000000100001 E
b10000000100001 i
b1110110010010001 J
b1110110010010001 o
18
b10000000100001 D
b10000000100001 f
b100100000000000 O
b100100000000000 X
b1111000000000000 I
b1111000000000000 _
b11111010111 9
b11111010111 ?
b11111010111 @
b11111010111 e
b10011111111000 !
b10011111111000 1
b10011111111000 G
b10011111111000 g
b10011111111000 k
b11111101100100100010000000000000 n
b1111100000000000 H
b1111100000000000 W
b1110000000000000 "
b1110000000000000 2
b1110000000000000 M
b1110000000000000 `
b1110000000000000 d
b1110000000000000 m
b1000000000000 N
b1000000000000 ^
b10 6
b10 <
b10 T
b10 z
1'
#1240
0'
#1245
b1111100100000000 K
b1111100100000000 b
b100101000000000 Q
b100101000000000 [
b10101110111001 P
b10101110111001 q
b1111011001001000 J
b1111011001001000 o
b1110000100110 E
b1110000100110 i
b1111111011 9
b1111111011 ?
b1111111011 @
b1111111011 e
b1111100100000000 I
b1111100100000000 _
b100101000000000 O
b100101000000000 X
b1110000100110 D
b1110000100110 f
b11 6
b11 <
b11 T
b11 z
b101011101110011100000000000 p
b100100000000 N
b100100000000 ^
b100100000000000 #
b100100000000000 3
b100100000000000 S
b100100000000000 Y
b100100000000000 ]
b100100000000000 l
b11111110110010010001000000000000 n
b1111111000000000 H
b1111111000000000 W
b1111000000000000 "
b1111000000000000 2
b1111000000000000 M
b1111000000000000 `
b1111000000000000 d
b1111000000000000 m
b10000000100001 !
b10000000100001 1
b10000000100001 G
b10000000100001 g
b10000000100001 k
1'
#1250
0'
#1255
b100101001110000 Q
b100101001110000 [
b1111110110100000 K
b1111110110100000 b
b1101000100111 E
b1101000100111 i
b1111101110111111 J
b1111101110111111 o
b10110011110000 P
b10110011110000 q
b1101000100111 D
b1101000100111 f
b100101001110000 O
b100101001110000 X
b1111110110100000 I
b1111110110100000 _
b111111111 9
b111111111 ?
b111111111 @
b111111111 e
b1110000100110 !
b1110000100110 1
b1110000100110 G
b1110000100110 g
b1110000100110 k
b11111111011101111111011100000000 n
b1111100100000000 "
b1111100100000000 2
b1111100100000000 M
b1111100100000000 `
b1111100100000000 d
b1111100100000000 m
b101100111100001011000000000 p
b100101000000000 #
b100101000000000 3
b100101000000000 S
b100101000000000 Y
b100101000000000 ]
b100101000000000 l
b1111111110010000 H
b1111111110010000 W
b10010100000 N
b10010100000 ^
b100 6
b100 <
b100 T
b100 z
1'
#1260
0'
#1265
b1111111111110011 K
b1111111111110011 b
b100101010000011 Q
b100101010000011 [
b10110100110100 P
b10110100110100 q
b1111111010001110 J
b1111111010001110 o
b1100100100111 E
b1100100100111 i
b100000000 9
b100000000 ?
b100000000 @
b100000000 e
b1111111111110011 I
b1111111111110011 _
b100101010000011 O
b100101010000011 X
b1100100100111 D
b1100100100111 f
b101 6
b101 <
b101 T
b101 z
b101101001101001011010010000 p
b1001010011 N
b1001010011 ^
b100101001110000 #
b100101001110000 3
b100101001110000 S
b100101001110000 Y
b100101001110000 ]
b100101001110000 l
b11111111110100011101100001100000 n
b1111111111101101 H
b1111111111101101 W
b1111110110100000 "
b1111110110100000 2
b1111110110100000 M
b1111110110100000 `
b1111110110100000 d
b1111110110100000 m
b1101000100111 !
b1101000100111 1
b1101000100111 G
b1101000100111 g
b1101000100111 k
1'
#1270
0'
#1275
b100101010000100 Q
b100101010000100 [
b100011101 K
b100011101 b
b1100010100111 E
b1100010100111 i
b1111111111111000 J
b1111111111111000 o
b10110101000000 P
b10110101000000 q
b1100010100111 D
b1100010100111 f
b100101010000100 O
b100101010000100 X
b100011101 I
b100011101 _
b10000000 9
b10000000 ?
b10000000 @
b10000000 e
b1100100100111 !
b1100100100111 1
b1100100100111 G
b1100100100111 g
b1100100100111 k
b11111111111111110000001101011101 n
b1111111111110011 "
b1111111111110011 2
b1111111111110011 M
b1111111111110011 `
b1111111111110011 d
b1111111111110011 m
b101101010000000011111001101 p
b100101010000011 #
b100101010000011 3
b100101010000011 S
b100101010000011 Y
b100101010000011 ]
b100101010000011 l
b1111111111111111 H
b1111111111111111 W
b100101010 N
b100101010 ^
b110 6
b110 <
b110 T
b110 z
1'
#1280
0'
#1285
1L
b10001000 K
b10001000 b
b100101010000110 Q
b100101010000110 [
0R
0F
b10101101 J
b10101101 o
08
b1100011100111 E
b1100011100111 i
b1000000 9
b1000000 ?
b1000000 @
b1000000 e
b11 {
b10001000 I
b10001000 _
b100101010000110 O
b100101010000110 X
b1100011100111 D
b1100011100111 f
b10010101 N
b10010101 ^
b111 6
b111 <
b111 T
b111 z
b101101010000001101100111100 p
b100101010000100 #
b100101010000100 3
b100101010000100 S
b100101010000100 Y
b100101010000100 ]
b100101010000100 l
b101011010001010010011 n
b10 H
b10 W
b100011101 "
b100011101 2
b100011101 M
b100011101 `
b100011101 d
b100011101 m
b1100010100111 !
b1100010100111 1
b1100010100111 G
b1100010100111 g
b1100010100111 k
1'
#1290
0'
#1295
b1010010 K
b1010010 b
b10110101000010 Q
b10110101000010 [
b1100100100111 E
b1100100100111 i
b1010010 J
b1010010 o
b10110101000010 P
b10110101000010 q
b1100100100111 D
b1100100100111 f
b1111111111110011 I
b1111111111110011 _
b100101010000111 O
b100101010000111 X
17
15
b100 {
b1100011100111 !
b1100011100111 1
b1100011100111 G
b1100011100111 g
b1100011100111 k
b10100101001011111000 n
b1 H
b1 W
b10001000 "
b10001000 2
b10001000 M
b10001000 `
b10001000 d
b10001000 m
b101101010000100001000011010 p
b100101010000110 #
b100101010000110 3
b100101010000110 S
b100101010000110 Y
b100101010000110 ]
b100101010000110 l
b11 |
1'
#1300
0'
#1305
b1111111111111000 K
b1111111111111000 b
b1101101111100 P
b1101101111100 q
b110001 J
b110001 o
b1100101100111 E
b1100101100111 i
1$
07
05
b0 {
b1111111111111000 I
b1111111111111000 _
b10110101000010 O
b10110101000010 X
b1100101100111 D
b1100101100111 f
b100 |
b11011011111000010110011110 p
b1011010 N
b1011010 ^
b10110101000010 #
b10110101000010 3
b10110101000010 S
b10110101000010 Y
b10110101000010 ]
b10110101000010 l
b1100011100110001110 n
b0 H
b0 W
b1010010 "
b1010010 2
b1010010 M
b1010010 `
b1010010 d
b1010010 m
b1100100100111 !
b1100100100111 1
b1100100100111 G
b1100100100111 g
b1100100100111 k
1'
#1310
0'
#1315
0$
b0 |
b100000000000000 +
b100000000000000 .
b100000000000000 A
b111011011101 %"
b100011110001110 &"
b100000000000000 '"
1'
#1320
0'
#1325
b1 {
1*
1'
#1330
0'
#1335
b0 E
b0 i
b10000000000000 K
b10000000000000 b
b100000000000000 Q
b100000000000000 [
14
15
b1 |
b10 {
0*
1'
#1340
0'
#1345
b1100100100010 E
b1100100100010 i
b1110000000000000 K
b1110000000000000 b
b110000000000000 Q
b110000000000000 [
b10011011011110 P
b10011011011110 q
b1001101101111 J
b1001101101111 o
04
15
b1100100100010 9
b1100100100010 ?
b1100100100010 @
b1100100100010 e
b1110000000000000 I
b1110000000000000 _
b110000000000000 O
b110000000000000 X
b1100100100010 D
b1100100100010 f
b10 |
b0 6
b0 <
b0 T
b0 z
b100110110111100000000000000 p
b100000000000000 N
b100000000000000 ^
b100000000000000 #
b100000000000000 3
b100000000000000 S
b100000000000000 Y
b100000000000000 ]
b100000000000000 l
b10011011011110000000000000 n
b10000000000000 H
b10000000000000 W
b10000000000000 "
b10000000000000 2
b10000000000000 M
b10000000000000 `
b10000000000000 d
b10000000000000 m
b0 !
b0 1
b0 G
b0 g
b0 k
1'
#1350
0'
#1355
0L
1R
1F
b111000000000000 Q
b111000000000000 [
b1000000000000 K
b1000000000000 b
b101001001100 E
b101001001100 i
b1110110010010001 J
b1110110010010001 o
18
b11101001001101 P
b11101001001101 q
b101001001100 D
b101001001100 f
b111000000000000 O
b111000000000000 X
b1000000000000 I
b1000000000000 _
b111011010110 9
b111011010110 ?
b111011010110 @
b111011010110 e
b1100100100010 !
b1100100100010 1
b1100100100010 G
b1100100100010 g
b1100100100010 k
b11111101100100100010000000000000 n
b1110000000000000 "
b1110000000000000 2
b1110000000000000 M
b1110000000000000 `
b1110000000000000 d
b1110000000000000 m
b111010010011010000000000000 p
b110000000000000 #
b110000000000000 3
b110000000000000 S
b110000000000000 Y
b110000000000000 ]
b110000000000000 l
b1111000000000000 H
b1111000000000000 W
b11000000000000 N
b11000000000000 ^
b1 6
b1 <
b1 T
b1 z
1'
#1360
0'
#1365
1L
b1111010000000000 K
b1111010000000000 b
b111010000000000 Q
b111010000000000 [
0R
0F
b100010000000100 P
b100010000000100 q
b100110110111 J
b100110110111 o
08
b1001000100011 E
b1001000100011 i
b11111010111 9
b11111010111 ?
b11111010111 @
b11111010111 e
b1111010000000000 I
b1111010000000000 _
b111010000000000 O
b111010000000000 X
b1001000100011 D
b1001000100011 f
b10 6
b10 <
b10 T
b10 z
b1000100000001001000000000000 p
b1110000000000 N
b1110000000000 ^
b111000000000000 #
b111000000000000 3
b111000000000000 S
b111000000000000 Y
b111000000000000 ]
b111000000000000 l
b1001101101111000000000000 n
b10000000000 H
b10000000000 W
b1000000000000 "
b1000000000000 2
b1000000000000 M
b1000000000000 `
b1000000000000 d
b1000000000000 m
b101001001100 !
b101001001100 1
b101001001100 G
b101001001100 g
b101001001100 k
1'
#1370
0'
#1375
0L
1R
1F
b111010110000000 Q
b111010110000000 [
b1010000000 K
b1010000000 b
b111000101000 E
b111000101000 i
b1111100010110110 J
b1111100010110110 o
18
b100011001110010 P
b100011001110010 q
b111000101000 D
b111000101000 f
b111010110000000 O
b111010110000000 X
b1010000000 I
b1010000000 _
b1111111011 9
b1111111011 ?
b1111111011 @
b1111111011 e
b1001000100011 !
b1001000100011 1
b1001000100011 G
b1001000100011 g
b1001000100011 k
b11111111000101101100110000000000 n
b1111010000000000 "
b1111010000000000 2
b1111010000000000 M
b1111010000000000 `
b1111010000000000 d
b1111010000000000 m
b1000110011100100110000000000 p
b111010000000000 #
b111010000000000 3
b111010000000000 S
b111010000000000 Y
b111010000000000 ]
b111010000000000 l
b1111111010000000 H
b1111111010000000 W
b111010000000 N
b111010000000 ^
b11 6
b11 <
b11 T
b11 z
1'
#1380
0'
#1385
1L
b1111101100101000 K
b1111101100101000 b
b111010110101000 Q
b111010110101000 [
0R
0F
b100011101011011 P
b100011101011011 q
b110000100 J
b110000100 o
08
b1000000100111 E
b1000000100111 i
b111111111 9
b111111111 ?
b111111111 @
b111111111 e
b1111101100101000 I
b1111101100101000 _
b111010110101000 O
b111010110101000 X
b1000000100111 D
b1000000100111 f
b100 6
b100 <
b100 T
b100 z
b1000111010110111001010000000 p
b11101011000 N
b11101011000 ^
b111010110000000 #
b111010110000000 3
b111010110000000 S
b111010110000000 Y
b111010110000000 ]
b111010110000000 l
b1100001001010110000000 n
b101000 H
b101000 W
b1010000000 "
b1010000000 2
b1010000000 M
b1010000000 `
b1010000000 d
b1010000000 m
b111000101000 !
b111000101000 1
b111000101000 G
b111000101000 g
b111000101000 k
1'
#1390
0'
#1395
0L
1R
1F
b111010111001111 Q
b111010111001111 [
b1111111011010101 K
b1111111011010101 b
b111100100111 E
b111100100111 i
b1111110100001110 J
b1111110100001110 o
18
b100011101110011 P
b100011101110011 q
b111100100111 D
b111100100111 f
b111010111001111 O
b111010111001111 X
b1111111011010101 I
b1111111011010101 _
b100000000 9
b100000000 ?
b100000000 @
b100000000 e
b1000000100111 !
b1000000100111 1
b1000000100111 G
b1000000100111 g
b1000000100111 k
b11111111101000011101111001011000 n
b1111101100101000 "
b1111101100101000 2
b1111101100101000 M
b1111101100101000 `
b1111101100101000 d
b1111101100101000 m
b1000111011100111101111011000 p
b111010110101000 #
b111010110101000 3
b111010110101000 S
b111010110101000 Y
b111010110101000 ]
b111010110101000 l
b1111111111011001 H
b1111111111011001 W
b1110101101 N
b1110101101 ^
b101 6
b101 <
b101 T
b101 z
1'
#1400
0'
#1405
b10101100 K
b10101100 b
b111010111010100 Q
b111010111010100 [
b100011110001011 P
b100011110001011 q
b1111111101001010 J
b1111111101001010 o
b111010100111 E
b111010100111 i
b10000000 9
b10000000 ?
b10000000 @
b10000000 e
b10101100 I
b10101100 _
b111010111010100 O
b111010111010100 X
b111010100111 D
b111010100111 f
b110 6
b110 <
b110 T
b110 z
b1000111100010111000111000001 p
b111010111 N
b111010111 ^
b111010111001111 #
b111010111001111 3
b111010111001111 S
b111010111001111 Y
b111010111001111 ]
b111010111001111 l
b11111111111010010100110101011011 n
b1111111111111011 H
b1111111111111011 W
b1111111011010101 "
b1111111011010101 2
b1111111011010101 M
b1111111011010101 `
b1111111011010101 d
b1111111011010101 m
b111100100111 !
b111100100111 1
b111100100111 G
b111100100111 g
b111100100111 k
1'
#1410
0'
#1415
1L
0R
0F
b111010111010101 Q
b111010111010101 [
b1111111111000001 K
b1111111111000001 b
b111011100111 E
b111011100111 i
b1101000 J
b1101000 o
08
b100011110001110 P
b100011110001110 q
b111011100111 D
b111011100111 f
b111010111010101 O
b111010111010101 X
b1111111111000001 I
b1111111111000001 _
b1000000 9
b1000000 ?
b1000000 @
b1000000 e
b11 {
b111010100111 !
b111010100111 1
b111010100111 G
b111010100111 g
b111010100111 k
b11010000111010010100 n
b10101100 "
b10101100 2
b10101100 M
b10101100 `
b10101100 d
b10101100 m
b1000111100011101001011101100 p
b111010111010100 #
b111010111010100 3
b111010111010100 S
b111010111010100 Y
b111010111010100 ]
b111010111010100 l
b1 H
b1 W
b11101011 N
b11101011 ^
b111 6
b111 <
b111 T
b111 z
1'
#1420
0'
#1425
0L
b1111111111011001 K
b1111111111011001 b
b100011110001111 Q
b100011110001111 [
1R
1F
b100011110001111 P
b100011110001111 q
b1111111111011001 J
b1111111111011001 o
18
b111010100111 E
b111010100111 i
17
15
b100 {
b10101100 I
b10101100 _
b111010111010110 O
b111010111010110 X
b111010100111 D
b111010100111 f
b11 |
b1000111100011110011001011011 p
b111010111010101 #
b111010111010101 3
b111010111010101 S
b111010111010101 Y
b111010111010101 ]
b111010111010101 l
b11111111111110110011011110101111 n
b1111111111111111 H
b1111111111111111 W
b1111111111000001 "
b1111111111000001 2
b1111111111000001 M
b1111111111000001 `
b1111111111000001 d
b1111111111000001 m
b111011100111 !
b111011100111 1
b111011100111 G
b111011100111 g
b111011100111 k
1'
#1430
0'
#1435
b1101000 K
b1101000 b
b100011110010000 Q
b100011110010000 [
b111001100111 E
b111001100111 i
b1111111111101000 J
b1111111111101000 o
b10101101110101 P
b10101101110101 q
b111001100111 D
b111001100111 f
b100011110010000 O
b100011110010000 X
b1101000 I
b1101000 _
1$
07
05
b0 {
b111010100111 !
b111010100111 1
b111010100111 G
b111010100111 g
b111010100111 k
b11111111111111010000101000010111 n
b1111111111011001 "
b1111111111011001 2
b1111111111011001 M
b1111111111011001 `
b1111111111011001 d
b1111111111011001 m
b101011011101010010000000001 p
b10001111 N
b10001111 ^
b100011110001111 #
b100011110001111 3
b100011110001111 S
b100011110001111 Y
b100011110001111 ]
b100011110001111 l
b100 |
1'
#1440
0'
#1445
0$
b0 |
b1000000000000 ,
b1000000000000 /
b1000000000000 B
b1000000000000 +
b1000000000000 .
b1000000000000 A
b1100100100010 %"
b1011010100001 &"
b1000000000000 ("
b1000000000000 '"
1'
#1450
0'
#1455
b1 {
1*
1'
#1460
0'
#1465
b0 E
b0 i
b1000000000000 K
b1000000000000 b
b1000000000000 Q
b1000000000000 [
14
15
b1 |
b10 {
0*
1'
#1470
0'
#1475
1L
0R
0F
b100110110111 J
b100110110111 o
08
b100110110111 P
b100110110111 q
b1100100100010 E
b1100100100010 i
b0 K
b0 b
b10000000000000 Q
b10000000000000 [
b1100100100010 D
b1100100100010 f
b10000000000000 O
b10000000000000 X
b0 I
b0 _
b1100100100010 9
b1100100100010 ?
b1100100100010 @
b1100100100010 e
04
15
b0 !
b0 1
b0 G
b0 g
b0 k
b1001101101111000000000000 n
b1000000000000 "
b1000000000000 2
b1000000000000 M
b1000000000000 `
b1000000000000 d
b1000000000000 m
b1001101101111000000000000 p
b1000000000000 #
b1000000000000 3
b1000000000000 S
b1000000000000 Y
b1000000000000 ]
b1000000000000 l
b1000000000000 H
b1000000000000 W
b1000000000000 N
b1000000000000 ^
b0 6
b0 <
b0 T
b0 z
b10 |
1'
#1480
0'
#1485
b1111000000000000 K
b1111000000000000 b
b1001101101111 P
b1001101101111 q
b0 J
b0 o
b10011111111000 E
b10011111111000 i
b111011010110 9
b111011010110 ?
b111011010110 @
b111011010110 e
b1111000000000000 I
b1111000000000000 _
b10011111111000 D
b10011111111000 f
b1 6
b1 <
b1 T
b1 z
b10011011011110000000000000 p
b1000000000000 N
b1000000000000 ^
b10000000000000 #
b10000000000000 3
b10000000000000 S
b10000000000000 Y
b10000000000000 ]
b10000000000000 l
b0 n
b0 H
b0 W
b0 "
b0 2
b0 M
b0 `
b0 d
b0 m
b1100100100010 !
b1100100100010 1
b1100100100010 G
b1100100100010 g
b1100100100010 k
1'
#1490
0'
#1495
0L
b10010000000000 Q
b10010000000000 [
1R
1F
b1111100000000000 K
b1111100000000000 b
b10000000100001 E
b10000000100001 i
b1111011001001000 J
b1111011001001000 o
18
b10000000100001 D
b10000000100001 f
b10010000000000 O
b10010000000000 X
b1111100000000000 I
b1111100000000000 _
b11111010111 9
b11111010111 ?
b11111010111 @
b11111010111 e
b10011111111000 !
b10011111111000 1
b10011111111000 G
b10011111111000 g
b10011111111000 k
b11111110110010010001000000000000 n
b1111110000000000 H
b1111110000000000 W
b1111000000000000 "
b1111000000000000 2
b1111000000000000 M
b1111000000000000 `
b1111000000000000 d
b1111000000000000 m
b100000000000 N
b100000000000 ^
b10 6
b10 <
b10 T
b10 z
1'
#1500
0'
#1505
b1111110010000000 K
b1111110010000000 b
b10010100000000 Q
b10010100000000 [
b1010111011100 P
b1010111011100 q
b1111101100100100 J
b1111101100100100 o
b1110000100110 E
b1110000100110 i
b1111111011 9
b1111111011 ?
b1111111011 @
b1111111011 e
b1111110010000000 I
b1111110010000000 _
b10010100000000 O
b10010100000000 X
b1110000100110 D
b1110000100110 f
b11 6
b11 <
b11 T
b11 z
b10101110111001110000000000 p
b10010000000 N
b10010000000 ^
b10010000000000 #
b10010000000000 3
b10010000000000 S
b10010000000000 Y
b10010000000000 ]
b10010000000000 l
b11111111011001001000100000000000 n
b1111111100000000 H
b1111111100000000 W
b1111100000000000 "
b1111100000000000 2
b1111100000000000 M
b1111100000000000 `
b1111100000000000 d
b1111100000000000 m
b10000000100001 !
b10000000100001 1
b10000000100001 G
b10000000100001 g
b10000000100001 k
1'
#1510
0'
#1515
b10010100111000 Q
b10010100111000 [
b1111111011010000 K
b1111111011010000 b
b1101000100111 E
b1101000100111 i
b1111110111011111 J
b1111110111011111 o
b1011001111000 P
b1011001111000 q
b1101000100111 D
b1101000100111 f
b10010100111000 O
b10010100111000 X
b1111111011010000 I
b1111111011010000 _
b111111111 9
b111111111 ?
b111111111 @
b111111111 e
b1110000100110 !
b1110000100110 1
b1110000100110 G
b1110000100110 g
b1110000100110 k
b11111111101110111111101110000000 n
b1111110010000000 "
b1111110010000000 2
b1111110010000000 M
b1111110010000000 `
b1111110010000000 d
b1111110010000000 m
b10110011110000101100000000 p
b10010100000000 #
b10010100000000 3
b10010100000000 S
b10010100000000 Y
b10010100000000 ]
b10010100000000 l
b1111111111001000 H
b1111111111001000 W
b1001010000 N
b1001010000 ^
b100 6
b100 <
b100 T
b100 z
1'
#1520
0'
#1525
b1111111111111001 K
b1111111111111001 b
b10010101000010 Q
b10010101000010 [
b1011010011010 P
b1011010011010 q
b1111111101000111 J
b1111111101000111 o
b1100100100111 E
b1100100100111 i
b100000000 9
b100000000 ?
b100000000 @
b100000000 e
b1111111111111001 I
b1111111111111001 _
b10010101000010 O
b10010101000010 X
b1100100100111 D
b1100100100111 f
b101 6
b101 <
b101 T
b101 z
b10110100110100101101001000 p
b100101001 N
b100101001 ^
b10010100111000 #
b10010100111000 3
b10010100111000 S
b10010100111000 Y
b10010100111000 ]
b10010100111000 l
b11111111111010001110110000110000 n
b1111111111110110 H
b1111111111110110 W
b1111111011010000 "
b1111111011010000 2
b1111111011010000 M
b1111111011010000 `
b1111111011010000 d
b1111111011010000 m
b1101000100111 !
b1101000100111 1
b1101000100111 G
b1101000100111 g
b1101000100111 k
1'
#1530
0'
#1535
b10010101000011 Q
b10010101000011 [
b10001110 K
b10001110 b
b1100010100111 E
b1100010100111 i
b1111111111111011 J
b1111111111111011 o
b1011010100000 P
b1011010100000 q
b1100010100111 D
b1100010100111 f
b10010101000011 O
b10010101000011 X
b10001110 I
b10001110 _
b10000000 9
b10000000 ?
b10000000 @
b10000000 e
b1100100100111 !
b1100100100111 1
b1100100100111 G
b1100100100111 g
b1100100100111 k
b11111111111111110111011111110111 n
b1111111111111001 "
b1111111111111001 2
b1111111111111001 M
b1111111111111001 `
b1111111111111001 d
b1111111111111001 m
b10110101000000110110011110 p
b10010101000010 #
b10010101000010 3
b10010101000010 S
b10010101000010 Y
b10010101000010 ]
b10010101000010 l
b1111111111111111 H
b1111111111111111 W
b10010101 N
b10010101 ^
b110 6
b110 <
b110 T
b110 z
1'
#1540
0'
#1545
1L
b1000100 K
b1000100 b
b10010101000100 Q
b10010101000100 [
0R
0F
b1011010100001 P
b1011010100001 q
b1010110 J
b1010110 o
08
b1100011100111 E
b1100011100111 i
b1000000 9
b1000000 ?
b1000000 @
b1000000 e
b11 {
b1000100 I
b1000100 _
b10010101000100 O
b10010101000100 X
b1100011100111 D
b1100011100111 f
b1001010 N
b1001010 ^
b111 6
b111 <
b111 T
b111 z
b10110101000010000100001101 p
b10010101000011 #
b10010101000011 3
b10010101000011 S
b10010101000011 Y
b10010101000011 ]
b10010101000011 l
b10101100011110010010 n
b1 H
b1 W
b10001110 "
b10001110 2
b10001110 M
b10001110 `
b10001110 d
b10001110 m
b1100010100111 !
b1100010100111 1
b1100010100111 G
b1100010100111 g
b1100010100111 k
1'
#1550
0'
#1555
b101001 K
b101001 b
b1011010100001 Q
b1011010100001 [
b1100100100111 E
b1100100100111 i
b101001 J
b101001 o
b1100100100111 D
b1100100100111 f
b1111111111111010 I
b1111111111111010 _
17
15
b100 {
b1100011100111 !
b1100011100111 1
b1100011100111 G
b1100011100111 g
b1100011100111 k
b1010010100101111100 n
b0 H
b0 W
b1000100 "
b1000100 2
b1000100 M
b1000100 `
b1000100 d
b1000100 m
b10110101000011010001111100 p
b10010101000100 #
b10010101000100 3
b10010101000100 S
b10010101000100 Y
b10010101000100 ]
b10010101000100 l
b11 |
1'
#1560
0'
#1565
b1111111111111100 K
b1111111111111100 b
b110110111110 P
b110110111110 q
b11000 J
b11000 o
b1100101100111 E
b1100101100111 i
1$
07
05
b0 {
b1011010100001 O
b1011010100001 X
b1111111111111100 I
b1111111111111100 _
b1100101100111 D
b1100101100111 f
b100 |
b1101101111100001011001111 p
b101101 N
b101101 ^
b1011010100001 #
b1011010100001 3
b1011010100001 S
b1011010100001 Y
b1011010100001 ]
b1011010100001 l
b110001110011000111 n
b101001 "
b101001 2
b101001 M
b101001 `
b101001 d
b101001 m
b1100100100111 !
b1100100100111 1
b1100100100111 G
b1100100100111 g
b1100100100111 k
1'
#1570
0'
#1575
0$
b0 |
b10000000000000 ,
b10000000000000 /
b10000000000000 B
b0 +
b0 .
b0 A
b11001001000100 %"
b10000000000000 &"
b10000000000000 ("
b0 '"
1'
#1580
0'
#1585
b1 {
1*
1'
#1590
0'
#1595
b0 E
b0 i
b10000000000000 K
b10000000000000 b
b0 Q
b0 [
14
15
b1 |
b10 {
0*
1'
#1600
0'
#1605
b1100100100010 E
b1100100100010 i
b10000000000000 Q
b10000000000000 [
b0 P
b0 q
b1001101101111 J
b1001101101111 o
04
15
b1100100100010 9
b1100100100010 ?
b1100100100010 @
b1100100100010 e
b10000000000000 I
b10000000000000 _
b10000000000000 O
b10000000000000 X
b1100100100010 D
b1100100100010 f
b10 |
b0 6
b0 <
b0 T
b0 z
b0 p
b0 N
b0 ^
b0 #
b0 3
b0 S
b0 Y
b0 ]
b0 l
b10011011011110000000000000 n
b10000000000000 H
b10000000000000 W
b10000000000000 "
b10000000000000 2
b10000000000000 M
b10000000000000 `
b10000000000000 d
b10000000000000 m
b0 !
b0 1
b0 G
b0 g
b0 k
1'
#1610
0'
#1615
b1000000000000 K
b1000000000000 b
b11000000000000 Q
b11000000000000 [
b10011111111000 E
b10011111111000 i
b1001101101111 P
b1001101101111 q
b10011111111000 D
b10011111111000 f
b1000000000000 I
b1000000000000 _
b11000000000000 O
b11000000000000 X
b111011010110 9
b111011010110 ?
b111011010110 @
b111011010110 e
b1100100100010 !
b1100100100010 1
b1100100100010 G
b1100100100010 g
b1100100100010 k
b10011011011110000000000000 p
b1000000000000 N
b1000000000000 ^
b10000000000000 #
b10000000000000 3
b10000000000000 S
b10000000000000 Y
b10000000000000 ]
b10000000000000 l
b1000000000000 H
b1000000000000 W
b1 6
b1 <
b1 T
b1 z
1'
#1620
0'
#1625
b10000000000 K
b10000000000 b
b11010000000000 Q
b11010000000000 [
b1110100100110 P
b1110100100110 q
b100110110111 J
b100110110111 o
b10111111001111 E
b10111111001111 i
b11111010111 9
b11111010111 ?
b11111010111 @
b11111010111 e
b10000000000 I
b10000000000 _
b11010000000000 O
b11010000000000 X
b10111111001111 D
b10111111001111 f
b10 6
b10 <
b10 T
b10 z
b11101001001101000000000000 p
b110000000000 N
b110000000000 ^
b11000000000000 #
b11000000000000 3
b11000000000000 S
b11000000000000 Y
b11000000000000 ]
b11000000000000 l
b1001101101111000000000000 n
b10000000000 H
b10000000000 W
b1000000000000 "
b1000000000000 2
b1000000000000 M
b1000000000000 `
b1000000000000 d
b1000000000000 m
b10011111111000 !
b10011111111000 1
b10011111111000 G
b10011111111000 g
b10011111111000 k
1'
#1630
0'
#1635
b11010010000000 Q
b11010010000000 [
b1111110110000000 K
b1111110110000000 b
b11001111001010 E
b11001111001010 i
b1001101101 J
b1001101101 o
b1111110010100 P
b1111110010100 q
b11001111001010 D
b11001111001010 f
b11010010000000 O
b11010010000000 X
b1111110110000000 I
b1111110110000000 _
b1111111011 9
b1111111011 ?
b1111111011 @
b1111111011 e
b10111111001111 !
b10111111001111 1
b10111111001111 G
b10111111001111 g
b10111111001111 k
b10011011011110000000000 n
b10000000000 "
b10000000000 2
b10000000000 M
b10000000000 `
b10000000000 d
b10000000000 m
b11111100101000110000000000 p
b11010000000000 #
b11010000000000 3
b11010000000000 S
b11010000000000 Y
b11010000000000 ]
b11010000000000 l
b10000000 H
b10000000 W
b11010000000 N
b11010000000 ^
b11 6
b11 <
b11 T
b11 z
1'
#1640
0'
#1645
0L
b11001000 K
b11001000 b
b11010010101000 Q
b11010010101000 [
1R
1F
b1111111100010 P
b1111111100010 q
b1111111001111011 J
b1111111001111011 o
18
b11000111001011 E
b11000111001011 i
b111111111 9
b111111111 ?
b111111111 @
b111111111 e
b11001000 I
b11001000 _
b11010010101000 O
b11010010101000 X
b11000111001011 D
b11000111001011 f
b100 6
b100 <
b100 T
b100 z
b11111111000100001110000000 p
b1101001000 N
b1101001000 ^
b11010010000000 #
b11010010000000 3
b11010010000000 S
b11010010000000 Y
b11010010000000 ]
b11010010000000 l
b11111111110011110110101010000000 n
b1111111111011000 H
b1111111111011000 W
b1111110110000000 "
b1111110110000000 2
b1111110110000000 M
b1111110110000000 `
b1111110110000000 d
b1111110110000000 m
b11001111001010 !
b11001111001010 1
b11001111001010 G
b11001111001010 g
b11001111001010 k
1'
#1650
0'
#1655
1L
0R
0F
b11010010101110 Q
b11010010101110 [
b1111111100100011 K
b1111111100100011 b
b11001011001011 E
b11001011001011 i
b1111001 J
b1111001 o
08
b1111111111010 P
b1111111111010 q
b11001011001011 D
b11001011001011 f
b11010010101110 O
b11010010101110 X
b1111111100100011 I
b1111111100100011 _
b100000000 9
b100000000 ?
b100000000 @
b100000000 e
b11000111001011 !
b11000111001011 1
b11000111001011 G
b11000111001011 g
b11000111001011 k
b11110010111010111000 n
b11001000 "
b11001000 2
b11001000 M
b11001000 `
b11001000 d
b11001000 m
b11111111110100110011011000 p
b11010010101000 #
b11010010101000 3
b11010010101000 S
b11010010101000 Y
b11010010101000 ]
b11010010101000 l
b110 H
b110 W
b110100101 N
b110100101 ^
b101 6
b101 <
b101 T
b101 z
1'
#1660
0'
#1665
0L
b1111111111110101 K
b1111111111110101 b
b11010010110010 Q
b11010010110010 [
1R
1F
b1111111111110 P
b1111111111110 q
b1111111101111001 J
b1111111101111001 o
18
b11001001001011 E
b11001001001011 i
b10000000 9
b10000000 ?
b10000000 @
b10000000 e
b1111111111110101 I
b1111111111110101 _
b11010010110010 O
b11010010110010 X
b11001001001011 D
b11001001001011 f
b11010010 N
b11010010 ^
b110 6
b110 <
b110 T
b110 z
b11111111111100000101110010 p
b11010010101110 #
b11010010101110 3
b11010010101110 S
b11010010101110 Y
b11010010101110 ]
b11010010101110 l
b11111111111011110011100100101101 n
b1111111111111100 H
b1111111111111100 W
b1111111100100011 "
b1111111100100011 2
b1111111100100011 M
b1111111100100011 `
b1111111100100011 d
b1111111100100011 m
b11001011001011 !
b11001011001011 1
b11001011001011 G
b11001011001011 g
b11001011001011 k
1'
#1670
0'
#1675
b11010010110011 Q
b11010010110011 [
b1011110 K
b1011110 b
b11001000001011 E
b11001000001011 i
b1111111111111001 J
b1111111111111001 o
b10000000000000 P
b10000000000000 q
b11001000001011 D
b11001000001011 f
b11010010110011 O
b11010010110011 X
b1011110 I
b1011110 _
b1000000 9
b1000000 ?
b1000000 @
b1000000 e
b11 {
b11001001001011 !
b11001001001011 1
b11001001001011 G
b11001001001011 g
b11001001001011 k
b11111111111111110010101000111011 n
b1111111111110101 "
b1111111111110101 2
b1111111111110101 M
b1111111111110101 `
b1111111111110101 d
b1111111111110101 m
b100000000000000111100101110 p
b11010010110010 #
b11010010110010 3
b11010010110010 S
b11010010110010 Y
b11010010110010 ]
b11010010110010 l
b1111111111111111 H
b1111111111111111 W
b1101001 N
b1101001 ^
b111 6
b111 <
b111 T
b111 z
1'
#1680
0'
#1685
1L
b10000000000001 Q
b10000000000001 [
b111001 K
b111001 b
0R
0F
b10000000000001 P
b10000000000001 q
b111001 J
b111001 o
08
b11001001001011 E
b11001001001011 i
17
15
b100 {
b1111111111110101 I
b1111111111110101 _
b11001001001011 D
b11001001001011 f
b11 |
b100000000000010001010011101 p
b11010010110011 #
b11010010110011 3
b11010010110011 S
b11010010110011 Y
b11010010110011 ]
b11010010110011 l
b1110010001011000010 n
b0 H
b0 W
b1011110 "
b1011110 2
b1011110 M
b1011110 `
b1011110 d
b1011110 m
b11001000001011 !
b11001000001011 1
b11001000001011 G
b11001000001011 g
b11001000001011 k
1'
#1690
0'
#1695
b1111111111111001 K
b1111111111111001 b
b11001010001011 E
b11001010001011 i
b100010 J
b100010 o
b1001101101111 P
b1001101101111 q
b11001010001011 D
b11001010001011 f
b10000000000001 O
b10000000000001 X
b1111111111111001 I
b1111111111111001 _
1$
07
05
b0 {
b11001001001011 !
b11001001001011 1
b11001001001011 G
b11001001001011 g
b11001001001011 k
b1000101001110110111 n
b111001 "
b111001 2
b111001 M
b111001 `
b111001 d
b111001 m
b10011011011111001101101111 p
b1000000 N
b1000000 ^
b10000000000001 #
b10000000000001 3
b10000000000001 S
b10000000000001 Y
b10000000000001 ]
b10000000000001 l
b100 |
1'
#1700
0'
#1705
0$
b0 |
b1110000000000000 ,
b1110000000000000 /
b1110000000000000 B
b1100110110111100 %"
b1110000000000000 ("
1'
#1710
0'
#1715
b1 {
1*
1'
#1720
0'
#1725
b0 E
b0 i
b1110000000000000 K
b1110000000000000 b
b0 Q
b0 [
14
15
b1 |
b10 {
0*
1'
#1730
0'
#1735
0L
1R
1F
b1110110010010001 J
b1110110010010001 o
18
b0 P
b0 q
b1110011011011110 E
b1110011011011110 i
b1110000000000000 K
b1110000000000000 b
b10000000000000 Q
b10000000000000 [
b1110011011011110 D
b1110011011011110 f
b10000000000000 O
b10000000000000 X
b1110000000000000 I
b1110000000000000 _
b1100100100010 9
b1100100100010 ?
b1100100100010 @
b1100100100010 e
04
15
b0 !
b0 1
b0 G
b0 g
b0 k
b11111101100100100010000000000000 n
b1110000000000000 "
b1110000000000000 2
b1110000000000000 M
b1110000000000000 `
b1110000000000000 d
b1110000000000000 m
b0 p
b0 #
b0 3
b0 S
b0 Y
b0 ]
b0 l
b1110000000000000 H
b1110000000000000 W
b0 N
b0 ^
b0 6
b0 <
b0 T
b0 z
b10 |
1'
#1740
0'
#1745
b11000000000000 Q
b11000000000000 [
b1111000000000000 K
b1111000000000000 b
b1001101101111 P
b1001101101111 q
b1101100000001000 E
b1101100000001000 i
b111011010110 9
b111011010110 ?
b111011010110 @
b111011010110 e
b11000000000000 O
b11000000000000 X
b1111000000000000 I
b1111000000000000 _
b1101100000001000 D
b1101100000001000 f
b1111000000000000 H
b1111000000000000 W
b1 6
b1 <
b1 T
b1 z
b10011011011110000000000000 p
b1000000000000 N
b1000000000000 ^
b10000000000000 #
b10000000000000 3
b10000000000000 S
b10000000000000 Y
b10000000000000 ]
b10000000000000 l
b1110011011011110 !
b1110011011011110 1
b1110011011011110 G
b1110011011011110 g
b1110011011011110 k
1'
#1750
0'
#1755
b11010000000000 Q
b11010000000000 [
b1111110000000000 K
b1111110000000000 b
b1101000000110001 E
b1101000000110001 i
b1111011001001000 J
b1111011001001000 o
b1110100100110 P
b1110100100110 q
b1101000000110001 D
b1101000000110001 f
b11010000000000 O
b11010000000000 X
b1111110000000000 I
b1111110000000000 _
b11111010111 9
b11111010111 ?
b11111010111 @
b11111010111 e
b1101100000001000 !
b1101100000001000 1
b1101100000001000 G
b1101100000001000 g
b1101100000001000 k
b11111110110010010001000000000000 n
b1111000000000000 "
b1111000000000000 2
b1111000000000000 M
b1111000000000000 `
b1111000000000000 d
b1111000000000000 m
b11101001001101000000000000 p
b11000000000000 #
b11000000000000 3
b11000000000000 S
b11000000000000 Y
b11000000000000 ]
b11000000000000 l
b1111110000000000 H
b1111110000000000 W
b110000000000 N
b110000000000 ^
b10 6
b10 <
b10 T
b10 z
1'
#1760
0'
#1765
b1010000000 K
b1010000000 b
b11010010000000 Q
b11010010000000 [
b1111110010100 P
b1111110010100 q
b1111110110010010 J
b1111110110010010 o
b1100110000110110 E
b1100110000110110 i
b1111111011 9
b1111111011 ?
b1111111011 @
b1111111011 e
b1010000000 I
b1010000000 _
b11010010000000 O
b11010010000000 X
b1100110000110110 D
b1100110000110110 f
b11 6
b11 <
b11 T
b11 z
b11111100101000110000000000 p
b11010000000 N
b11010000000 ^
b11010000000000 #
b11010000000000 3
b11010000000000 S
b11010000000000 Y
b11010000000000 ]
b11010000000000 l
b11111111101100100100010000000000 n
b1111111110000000 H
b1111111110000000 W
b1111110000000000 "
b1111110000000000 2
b1111110000000000 M
b1111110000000000 `
b1111110000000000 d
b1111110000000000 m
b1101000000110001 !
b1101000000110001 1
b1101000000110001 G
b1101000000110001 g
b1101000000110001 k
1'
#1770
0'
#1775
1L
0R
0F
b11010010101000 Q
b11010010101000 [
b1111111100111000 K
b1111111100111000 b
b1100111000110101 E
b1100111000110101 i
b110000100 J
b110000100 o
08
b1111111100010 P
b1111111100010 q
b1100111000110101 D
b1100111000110101 f
b11010010101000 O
b11010010101000 X
b1111111100111000 I
b1111111100111000 _
b111111111 9
b111111111 ?
b111111111 @
b111111111 e
b1100110000110110 !
b1100110000110110 1
b1100110000110110 G
b1100110000110110 g
b1100110000110110 k
b1100001001010110000000 n
b1010000000 "
b1010000000 2
b1010000000 M
b1010000000 `
b1010000000 d
b1010000000 m
b11111111000100001110000000 p
b11010010000000 #
b11010010000000 3
b11010010000000 S
b11010010000000 Y
b11010010000000 ]
b11010010000000 l
b101000 H
b101000 W
b1101001000 N
b1101001000 ^
b100 6
b100 <
b100 T
b100 z
1'
#1780
0'
#1785
0L
b11011101 K
b11011101 b
b11010010101111 Q
b11010010101111 [
1R
1F
b1111111111010 P
b1111111111010 q
b1111111110000110 J
b1111111110000110 o
18
b1100110100110101 E
b1100110100110101 i
b100000000 9
b100000000 ?
b100000000 @
b100000000 e
b11011101 I
b11011101 _
b11010010101111 O
b11010010101111 X
b1100110100110101 D
b1100110100110101 f
b101 6
b101 <
b101 T
b101 z
b11111111110100110011011000 p
b110100101 N
b110100101 ^
b11010010101000 #
b11010010101000 3
b11010010101000 S
b11010010101000 Y
b11010010101000 ]
b11010010101000 l
b11111111111100001101000101001000 n
b1111111111111001 H
b1111111111111001 W
b1111111100111000 "
b1111111100111000 2
b1111111100111000 M
b1111111100111000 `
b1111111100111000 d
b1111111100111000 m
b1100111000110101 !
b1100111000110101 1
b1100111000110101 G
b1100111000110101 g
b1100111000110101 k
1'
#1790
0'
#1795
1L
0R
0F
b11010010110010 Q
b11010010110010 [
b1011 K
b1011 b
b1100110110110101 E
b1100110110110101 i
b10000110 J
b10000110 o
08
b1111111111110 P
b1111111111110 q
b1100110110110101 D
b1100110110110101 f
b11010010110010 O
b11010010110010 X
b1011 I
b1011 _
b10000000 9
b10000000 ?
b10000000 @
b10000000 e
b1100110100110101 !
b1100110100110101 1
b1100110100110101 G
b1100110100110101 g
b1100110100110101 k
b100001100011011010011 n
b11011101 "
b11011101 2
b11011101 M
b11011101 `
b11011101 d
b11011101 m
b11111111111101010011100001 p
b11010010101111 #
b11010010101111 3
b11010010101111 S
b11010010101111 Y
b11010010101111 ]
b11010010101111 l
b11 H
b11 W
b11010010 N
b11010010 ^
b110 6
b110 <
b110 T
b110 z
1'
#1800
0'
#1805
b1111111110100010 K
b1111111110100010 b
b10000000000000 P
b10000000000000 q
b110 J
b110 o
b1100110111110101 E
b1100110111110101 i
b1000000 9
b1000000 ?
b1000000 @
b1000000 e
b11 {
b1111111110100010 I
b1111111110100010 _
b1100110111110101 D
b1100110111110101 f
b1101001 N
b1101001 ^
b111 6
b111 <
b111 T
b111 z
b100000000000000111100101110 p
b11010010110010 #
b11010010110010 3
b11010010110010 S
b11010010110010 Y
b11010010110010 ]
b11010010110010 l
b1101010111000101 n
b0 H
b0 W
b1011 "
b1011 2
b1011 M
b1011 `
b1011 d
b1011 m
b1100110110110101 !
b1100110110110101 1
b1100110110110101 G
b1100110110110101 g
b1100110110110101 k
1'
#1810
0'
#1815
0L
1R
1F
b1111111111000110 K
b1111111111000110 b
b10000000000000 Q
b10000000000000 [
b1100110110110101 E
b1100110110110101 i
b1111111111000110 J
b1111111111000110 o
18
b1100110110110101 D
b1100110110110101 f
b1011 I
b1011 _
b11010010110011 O
b11010010110011 X
17
15
b100 {
b1100110111110101 !
b1100110111110101 1
b1100110111110101 G
b1100110111110101 g
b1100110111110101 k
b11111111111110001101110100111110 n
b1111111111111111 H
b1111111111111111 W
b1111111110100010 "
b1111111110100010 2
b1111111110100010 M
b1111111110100010 `
b1111111110100010 d
b1111111110100010 m
b11 |
1'
#1820
0'
#1825
b110 K
b110 b
b10000000000001 Q
b10000000000001 [
b1001101101111 P
b1001101101111 q
b1111111111011100 J
b1111111111011100 o
b1100110101110101 E
b1100110101110101 i
1$
07
05
b0 {
b10000000000001 O
b10000000000001 X
b110 I
b110 _
b1100110101110101 D
b1100110101110101 f
b100 |
b10011011011110000000000000 p
b1000000 N
b1000000 ^
b10000000000000 #
b10000000000000 3
b10000000000000 S
b10000000000000 Y
b10000000000000 ]
b10000000000000 l
b11111111111110111001100011011010 n
b1111111111000110 "
b1111111111000110 2
b1111111111000110 M
b1111111111000110 `
b1111111111000110 d
b1111111111000110 m
b1100110110110101 !
b1100110110110101 1
b1100110110110101 G
b1100110110110101 g
b1100110110110101 k
1'
#1830
0'
#1835
0$
b0 |
b10000000000000 +
b10000000000000 .
b10000000000000 A
b1110011011011110 %"
b10110101000001 &"
b10000000000000 '"
1'
#1840
0'
#1845
b1 {
1*
1'
#1850
0'
#1855
b0 E
b0 i
b1110000000000000 K
b1110000000000000 b
b10000000000000 Q
b10000000000000 [
14
15
b1 |
b10 {
0*
1'
#1860
0'
#1865
b1110011011011110 E
b1110011011011110 i
b0 K
b0 b
b100000000000000 Q
b100000000000000 [
b1110110010010001 J
b1110110010010001 o
04
15
b1100100100010 9
b1100100100010 ?
b1100100100010 @
b1100100100010 e
b0 I
b0 _
b100000000000000 O
b100000000000000 X
b1110011011011110 D
b1110011011011110 f
b10 |
b10000000000000 N
b10000000000000 ^
b0 6
b0 <
b0 T
b0 z
b11111101100100100010000000000000 n
b1110000000000000 H
b1110000000000000 W
b1110000000000000 "
b1110000000000000 2
b1110000000000000 M
b1110000000000000 `
b1110000000000000 d
b1110000000000000 m
b0 !
b0 1
b0 G
b0 g
b0 k
1'
#1870
0'
#1875
1L
0R
0F
b1110000000000000 K
b1110000000000000 b
b1111010110110100 E
b1111010110110100 i
b0 J
b0 o
08
b10011011011110 P
b10011011011110 q
b1111010110110100 D
b1111010110110100 f
b1110000000000000 I
b1110000000000000 _
b111011010110 9
b111011010110 ?
b111011010110 @
b111011010110 e
b1110011011011110 !
b1110011011011110 1
b1110011011011110 G
b1110011011011110 g
b1110011011011110 k
b0 n
b0 "
b0 2
b0 M
b0 `
b0 d
b0 m
b100110110111100000000000000 p
b100000000000000 #
b100000000000000 3
b100000000000000 S
b100000000000000 Y
b100000000000000 ]
b100000000000000 l
b0 H
b0 W
b10000000000000 N
b10000000000000 ^
b1 6
b1 <
b1 T
b1 z
1'
#1880
0'
#1885
0L
b1111000000000000 K
b1111000000000000 b
b100100000000000 Q
b100100000000000 [
1R
1F
b1110110010010001 J
b1110110010010001 o
18
b1110110111011101 E
b1110110111011101 i
b11111010111 9
b11111010111 ?
b11111010111 @
b11111010111 e
b1111000000000000 I
b1111000000000000 _
b100100000000000 O
b100100000000000 X
b1110110111011101 D
b1110110111011101 f
b1000000000000 N
b1000000000000 ^
b10 6
b10 <
b10 T
b10 z
b11111101100100100010000000000000 n
b1111100000000000 H
b1111100000000000 W
b1110000000000000 "
b1110000000000000 2
b1110000000000000 M
b1110000000000000 `
b1110000000000000 d
b1110000000000000 m
b1111010110110100 !
b1111010110110100 1
b1111010110110100 G
b1111010110110100 g
b1111010110110100 k
1'
#1890
0'
#1895
b100101000000000 Q
b100101000000000 [
b1111100100000000 K
b1111100100000000 b
b1110100111100010 E
b1110100111100010 i
b1111011001001000 J
b1111011001001000 o
b10101110111001 P
b10101110111001 q
b1110100111100010 D
b1110100111100010 f
b100101000000000 O
b100101000000000 X
b1111100100000000 I
b1111100100000000 _
b1111111011 9
b1111111011 ?
b1111111011 @
b1111111011 e
b1110110111011101 !
b1110110111011101 1
b1110110111011101 G
b1110110111011101 g
b1110110111011101 k
b11111110110010010001000000000000 n
b1111000000000000 "
b1111000000000000 2
b1111000000000000 M
b1111000000000000 `
b1111000000000000 d
b1111000000000000 m
b101011101110011100000000000 p
b100100000000000 #
b100100000000000 3
b100100000000000 S
b100100000000000 Y
b100100000000000 ]
b100100000000000 l
b1111111000000000 H
b1111111000000000 W
b100100000000 N
b100100000000 ^
b11 6
b11 <
b11 T
b11 z
1'
#1900
0'
#1905
b1111110110100000 K
b1111110110100000 b
b100101001110000 Q
b100101001110000 [
b10110011110000 P
b10110011110000 q
b1111101110111111 J
b1111101110111111 o
b1110011111100011 E
b1110011111100011 i
b111111111 9
b111111111 ?
b111111111 @
b111111111 e
b1111110110100000 I
b1111110110100000 _
b100101001110000 O
b100101001110000 X
b1110011111100011 D
b1110011111100011 f
b100 6
b100 <
b100 T
b100 z
b101100111100001011000000000 p
b10010100000 N
b10010100000 ^
b100101000000000 #
b100101000000000 3
b100101000000000 S
b100101000000000 Y
b100101000000000 ]
b100101000000000 l
b11111111011101111111011100000000 n
b1111111110010000 H
b1111111110010000 W
b1111100100000000 "
b1111100100000000 2
b1111100100000000 M
b1111100100000000 `
b1111100100000000 d
b1111100100000000 m
b1110100111100010 !
b1110100111100010 1
b1110100111100010 G
b1110100111100010 g
b1110100111100010 k
1'
#1910
0'
#1915
b100101010000011 Q
b100101010000011 [
b1111111111110011 K
b1111111111110011 b
b1110011011100011 E
b1110011011100011 i
b1111111010001110 J
b1111111010001110 o
b10110100110100 P
b10110100110100 q
b1110011011100011 D
b1110011011100011 f
b100101010000011 O
b100101010000011 X
b1111111111110011 I
b1111111111110011 _
b100000000 9
b100000000 ?
b100000000 @
b100000000 e
b1110011111100011 !
b1110011111100011 1
b1110011111100011 G
b1110011111100011 g
b1110011111100011 k
b11111111110100011101100001100000 n
b1111110110100000 "
b1111110110100000 2
b1111110110100000 M
b1111110110100000 `
b1111110110100000 d
b1111110110100000 m
b101101001101001011010010000 p
b100101001110000 #
b100101001110000 3
b100101001110000 S
b100101001110000 Y
b100101001110000 ]
b100101001110000 l
b1111111111101101 H
b1111111111101101 W
b1001010011 N
b1001010011 ^
b101 6
b101 <
b101 T
b101 z
1'
#1920
0'
#1925
b100011101 K
b100011101 b
b100101010000100 Q
b100101010000100 [
b10110101000000 P
b10110101000000 q
b1111111111111000 J
b1111111111111000 o
b1110011001100011 E
b1110011001100011 i
b10000000 9
b10000000 ?
b10000000 @
b10000000 e
b100011101 I
b100011101 _
b100101010000100 O
b100101010000100 X
b1110011001100011 D
b1110011001100011 f
b110 6
b110 <
b110 T
b110 z
b101101010000000011111001101 p
b100101010 N
b100101010 ^
b100101010000011 #
b100101010000011 3
b100101010000011 S
b100101010000011 Y
b100101010000011 ]
b100101010000011 l
b11111111111111110000001101011101 n
b1111111111111111 H
b1111111111111111 W
b1111111111110011 "
b1111111111110011 2
b1111111111110011 M
b1111111111110011 `
b1111111111110011 d
b1111111111110011 m
b1110011011100011 !
b1110011011100011 1
b1110011011100011 G
b1110011011100011 g
b1110011011100011 k
1'
#1930
0'
#1935
1L
0R
0F
b100101010000110 Q
b100101010000110 [
b10001000 K
b10001000 b
b1110011010100011 E
b1110011010100011 i
b10101101 J
b10101101 o
08
b1110011010100011 D
b1110011010100011 f
b100101010000110 O
b100101010000110 X
b10001000 I
b10001000 _
b1000000 9
b1000000 ?
b1000000 @
b1000000 e
b11 {
b1110011001100011 !
b1110011001100011 1
b1110011001100011 G
b1110011001100011 g
b1110011001100011 k
b101011010001010010011 n
b10 H
b10 W
b100011101 "
b100011101 2
b100011101 M
b100011101 `
b100011101 d
b100011101 m
b101101010000001101100111100 p
b100101010000100 #
b100101010000100 3
b100101010000100 S
b100101010000100 Y
b100101010000100 ]
b100101010000100 l
b10010101 N
b10010101 ^
b111 6
b111 <
b111 T
b111 z
1'
#1940
0'
#1945
b1010010 K
b1010010 b
b10110101000010 Q
b10110101000010 [
b10110101000010 P
b10110101000010 q
b1010010 J
b1010010 o
b1110011011100011 E
b1110011011100011 i
17
15
b100 {
b1111111111110011 I
b1111111111110011 _
b100101010000111 O
b100101010000111 X
b1110011011100011 D
b1110011011100011 f
b11 |
b101101010000100001000011010 p
b100101010000110 #
b100101010000110 3
b100101010000110 S
b100101010000110 Y
b100101010000110 ]
b100101010000110 l
b10100101001011111000 n
b1 H
b1 W
b10001000 "
b10001000 2
b10001000 M
b10001000 `
b10001000 d
b10001000 m
b1110011010100011 !
b1110011010100011 1
b1110011010100011 G
b1110011010100011 g
b1110011010100011 k
1'
#1950
0'
#1955
b1111111111111000 K
b1111111111111000 b
b1110011100100011 E
b1110011100100011 i
b110001 J
b110001 o
b1101101111100 P
b1101101111100 q
b1110011100100011 D
b1110011100100011 f
b10110101000010 O
b10110101000010 X
b1111111111111000 I
b1111111111111000 _
1$
07
05
b0 {
b1110011011100011 !
b1110011011100011 1
b1110011011100011 G
b1110011011100011 g
b1110011011100011 k
b1100011100110001110 n
b0 H
b0 W
b1010010 "
b1010010 2
b1010010 M
b1010010 `
b1010010 d
b1010010 m
b11011011111000010110011110 p
b1011010 N
b1011010 ^
b10110101000010 #
b10110101000010 3
b10110101000010 S
b10110101000010 Y
b10110101000010 ]
b10110101000010 l
b100 |
1'
#1960
0'
#1965
0$
b0 |
b100000000000000 +
b100000000000000 .
b100000000000000 A
b1111000100100011 %"
b100011110001110 &"
b100000000000000 '"
1'
#1970
0'
#1975
b1 {
1*
1'
#1980
0'
#1985
b0 E
b0 i
b1110000000000000 K
b1110000000000000 b
b100000000000000 Q
b100000000000000 [
14
15
b1 |
b10 {
0*
1'
#1990
0'
#1995
0L
1R
1F
b1110110010010001 J
b1110110010010001 o
18
b10011011011110 P
b10011011011110 q
b1110011011011110 E
b1110011011011110 i
b10000000000000 K
b10000000000000 b
b110000000000000 Q
b110000000000000 [
b1110011011011110 D
b1110011011011110 f
b110000000000000 O
b110000000000000 X
b10000000000000 I
b10000000000000 _
b1100100100010 9
b1100100100010 ?
b1100100100010 @
b1100100100010 e
04
15
b0 !
b0 1
b0 G
b0 g
b0 k
b11111101100100100010000000000000 n
b1110000000000000 "
b1110000000000000 2
b1110000000000000 M
b1110000000000000 `
b1110000000000000 d
b1110000000000000 m
b100110110111100000000000000 p
b100000000000000 #
b100000000000000 3
b100000000000000 S
b100000000000000 Y
b100000000000000 ]
b100000000000000 l
b1110000000000000 H
b1110000000000000 W
b100000000000000 N
b100000000000000 ^
b0 6
b0 <
b0 T
b0 z
b10 |
1'
#2000
0'
#2005
1L
b1111000000000000 K
b1111000000000000 b
b111000000000000 Q
b111000000000000 [
0R
0F
b11101001001101 P
b11101001001101 q
b1001101101111 J
b1001101101111 o
08
b1111010110110100 E
b1111010110110100 i
b111011010110 9
b111011010110 ?
b111011010110 @
b111011010110 e
b1111000000000000 I
b1111000000000000 _
b111000000000000 O
b111000000000000 X
b1111010110110100 D
b1111010110110100 f
b1 6
b1 <
b1 T
b1 z
b111010010011010000000000000 p
b11000000000000 N
b11000000000000 ^
b110000000000000 #
b110000000000000 3
b110000000000000 S
b110000000000000 Y
b110000000000000 ]
b110000000000000 l
b10011011011110000000000000 n
b1000000000000 H
b1000000000000 W
b10000000000000 "
b10000000000000 2
b10000000000000 M
b10000000000000 `
b10000000000000 d
b10000000000000 m
b1110011011011110 !
b1110011011011110 1
b1110011011011110 G
b1110011011011110 g
b1110011011011110 k
1'
#2010
0'
#2015
0L
1R
1F
b111010000000000 Q
b111010000000000 [
b110000000000 K
b110000000000 b
b1110110111011101 E
b1110110111011101 i
b1111011001001000 J
b1111011001001000 o
18
b100010000000100 P
b100010000000100 q
b1110110111011101 D
b1110110111011101 f
b111010000000000 O
b111010000000000 X
b110000000000 I
b110000000000 _
b11111010111 9
b11111010111 ?
b11111010111 @
b11111010111 e
b1111010110110100 !
b1111010110110100 1
b1111010110110100 G
b1111010110110100 g
b1111010110110100 k
b11111110110010010001000000000000 n
b1111000000000000 "
b1111000000000000 2
b1111000000000000 M
b1111000000000000 `
b1111000000000000 d
b1111000000000000 m
b1000100000001001000000000000 p
b111000000000000 #
b111000000000000 3
b111000000000000 S
b111000000000000 Y
b111000000000000 ]
b111000000000000 l
b1111110000000000 H
b1111110000000000 W
b1110000000000 N
b1110000000000 ^
b10 6
b10 <
b10 T
b10 z
1'
#2020
0'
#2025
1L
b1111110110000000 K
b1111110110000000 b
b111010110000000 Q
b111010110000000 [
0R
0F
b100011001110010 P
b100011001110010 q
b11101001001 J
b11101001001 o
08
b1111000111011000 E
b1111000111011000 i
b1111111011 9
b1111111011 ?
b1111111011 @
b1111111011 e
b1111110110000000 I
b1111110110000000 _
b111010110000000 O
b111010110000000 X
b1111000111011000 D
b1111000111011000 f
b11 6
b11 <
b11 T
b11 z
b1000110011100100110000000000 p
b111010000000 N
b111010000000 ^
b111010000000000 #
b111010000000000 3
b111010000000000 S
b111010000000000 Y
b111010000000000 ]
b111010000000000 l
b111010010011010000000000 n
b110000000 H
b110000000 W
b110000000000 "
b110000000000 2
b110000000000 M
b110000000000 `
b110000000000 d
b110000000000 m
b1110110111011101 !
b1110110111011101 1
b1110110111011101 G
b1110110111011101 g
b1110110111011101 k
1'
#2030
0'
#2035
0L
1R
1F
b111010110101000 Q
b111010110101000 [
b10011011000 K
b10011011000 b
b1110111111011001 E
b1110111111011001 i
b1111111001111011 J
b1111111001111011 o
18
b100011101011011 P
b100011101011011 q
b1110111111011001 D
b1110111111011001 f
b111010110101000 O
b111010110101000 X
b10011011000 I
b10011011000 _
b111111111 9
b111111111 ?
b111111111 @
b111111111 e
b1111000111011000 !
b1111000111011000 1
b1111000111011000 G
b1111000111011000 g
b1111000111011000 k
b11111111110011110110101010000000 n
b1111110110000000 "
b1111110110000000 2
b1111110110000000 M
b1111110110000000 `
b1111110110000000 d
b1111110110000000 m
b1000111010110111001010000000 p
b111010110000000 #
b111010110000000 3
b111010110000000 S
b111010110000000 Y
b111010110000000 ]
b111010110000000 l
b1111111111011000 H
b1111111111011000 W
b11101011000 N
b11101011000 ^
b100 6
b100 <
b100 T
b100 z
1'
#2040
0'
#2045
1L
b100101011 K
b100101011 b
b111010111001110 Q
b111010111001110 [
0R
0F
b100011101110011 P
b100011101110011 q
b1011110001 J
b1011110001 o
08
b1111000011011001 E
b1111000011011001 i
b100000000 9
b100000000 ?
b100000000 @
b100000000 e
b100101011 I
b100101011 _
b111010111001110 O
b111010111001110 X
b1111000011011001 D
b1111000011011001 f
b101 6
b101 <
b101 T
b101 z
b1000111011100111101111011000 p
b1110101101 N
b1110101101 ^
b111010110101000 #
b111010110101000 3
b111010110101000 S
b111010110101000 Y
b111010110101000 ]
b111010110101000 l
b10111100010000110101000 n
b100110 H
b100110 W
b10011011000 "
b10011011000 2
b10011011000 M
b10011011000 `
b10011011000 d
b10011011000 m
b1110111111011001 !
b1110111111011001 1
b1110111111011001 G
b1110111111011001 g
b1110111111011001 k
1'
#2050
0'
#2055
b111010111010010 Q
b111010111010010 [
b1111111101010100 K
b1111111101010100 b
b1111000101011001 E
b1111000101011001 i
b10110101 J
b10110101 o
b100011110001010 P
b100011110001010 q
b1111000101011001 D
b1111000101011001 f
b111010111010010 O
b111010111010010 X
b1111111101010100 I
b1111111101010100 _
b10000000 9
b10000000 ?
b10000000 @
b10000000 e
b1111000011011001 !
b1111000011011001 1
b1111000011011001 G
b1111000011011001 g
b1111000011011001 k
b101101011001010100101 n
b100101011 "
b100101011 2
b100101011 M
b100101011 `
b100101011 d
b100101011 m
b1000111100010101111001010010 p
b111010111001110 #
b111010111001110 3
b111010111001110 S
b111010111001110 Y
b111010111001110 ]
b111010111001110 l
b100 H
b100 W
b111010111 N
b111010111 ^
b110 6
b110 <
b110 T
b110 z
1'
#2060
0'
#2065
0L
b111111 K
b111111 b
b111010111010100 Q
b111010111010100 [
1R
1F
b100011110001101 P
b100011110001101 q
b1111111110010111 J
b1111111110010111 o
18
b1111000100011001 E
b1111000100011001 i
b1000000 9
b1000000 ?
b1000000 @
b1000000 e
b11 {
b111111 I
b111111 _
b111010111010100 O
b111010111010100 X
b1111000100011001 D
b1111000100011001 f
b11101011 N
b11101011 ^
b111 6
b111 <
b111 T
b111 z
b1000111100011010110000001110 p
b111010111010010 #
b111010111010010 3
b111010111010010 S
b111010111010010 Y
b111010111010010 ]
b111010111010010 l
b11111111111100101111000101101100 n
b1111111111111110 H
b1111111111111110 W
b1111111101010100 "
b1111111101010100 2
b1111111101010100 M
b1111111101010100 `
b1111111101010100 d
b1111111101010100 m
b1111000101011001 !
b1111000101011001 1
b1111000101011001 G
b1111000101011001 g
b1111000101011001 k
1'
#2070
0'
#2075
1L
0R
0F
b100110 K
b100110 b
b100011110001110 Q
b100011110001110 [
b1111000101011001 E
b1111000101011001 i
b100110 J
b100110 o
08
b100011110001110 P
b100011110001110 q
b1111000101011001 D
b1111000101011001 f
b1111111101010100 I
b1111111101010100 _
17
15
b100 {
b1111000100011001 !
b1111000100011001 1
b1111000100011001 G
b1111000100011001 g
b1111000100011001 k
b1001100100001010001 n
b0 H
b0 W
b111111 "
b111111 2
b111111 M
b111111 `
b111111 d
b111111 m
b1000111100011101001011101100 p
b111010111010100 #
b111010111010100 3
b111010111010100 S
b111010111010100 Y
b111010111010100 ]
b111010111010100 l
b11 |
1'
#2080
0'
#2085
b1111111110010111 K
b1111111110010111 b
b10101101110100 P
b10101101110100 q
b10111 J
b10111 o
b1111000110011001 E
b1111000110011001 i
1$
07
05
b0 {
b100011110001110 O
b100011110001110 X
b1111111110010111 I
b1111111110010111 _
b1111000110011001 D
b1111000110011001 f
b100 |
b101011011101001000010010010 p
b10001111 N
b10001111 ^
b100011110001110 #
b100011110001110 3
b100011110001110 S
b100011110001110 Y
b100011110001110 ]
b100011110001110 l
b101110001001111010 n
b100110 "
b100110 2
b100110 M
b100110 `
b100110 d
b100110 m
b1111000101011001 !
b1111000101011001 1
b1111000101011001 G
b1111000101011001 g
b1111000101011001 k
1'
#2090
0'
#2095
0$
b0 |
1'
#2100
0'
#2105
1'
#2110
0'
#2115
1'
#2120
0'
#2125
1'
